Date,daily_return,cumulative_value,drawdown,rolling_return,rolling_volatility,market_regime
2020-01-03,-0.01068901786374037,0.9893109821362597,0.0,,,Insufficient Data
2020-01-06,0.010731119362171058,0.9999273963718706,0.0,,,Insufficient Data
2020-01-07,-0.001977965806053983,0.9979495741733103,-0.0019779658060540273,,,Insufficient Data
2020-01-08,0.006464021704471087,1.0044003418807343,0.0,,,Insufficient Data
2020-01-09,0.014713857706690984,1.0191789455917193,0.0,,,Insufficient Data
2020-01-10,-0.0023272916559745355,1.0168070189356988,-0.0023272916559744505,,,Insufficient Data
2020-01-13,0.014712724671845416,1.0317670206496996,0.0,,,Insufficient Data
2020-01-14,-0.012751943424466054,1.0186099859751447,-0.012751943424466061,,,Insufficient Data
2020-01-15,-0.004162973852728682,1.014369539237402,-0.016861831270147176,,,Insufficient Data
2020-01-16,0.010987963126804091,1.0255153943314959,-0.006059145323589754,,,Insufficient Data
2020-01-17,0.004081601648366382,1.0297011396554245,-0.002002274692763706,,,Insufficient Data
2020-01-21,0.0013929781493023027,1.0311354908432762,-0.0006120856683573539,,,Insufficient Data
2020-01-22,0.0012612555535776856,1.0324360162075932,0.0,,,Insufficient Data
2020-01-23,0.0023725389618281536,1.0348855108816404,0.0,,,Insufficient Data
2020-01-24,-0.00644732786956523,1.028213264685524,-0.006447327869565145,,,Insufficient Data
2020-01-27,-0.025010447755954467,1.0024971905471272,-0.03129652506867253,,,Insufficient Data
2020-01-28,0.022652655261949203,1.0252064138056638,-0.009352819200000972,,,Insufficient Data
2020-01-29,0.013934321420131244,1.0394919694976121,0.0,,,Insufficient Data
2020-01-30,0.0016674443726940732,1.0412252645326117,0.0,,,Insufficient Data
2020-01-31,0.00038886854293230345,1.0416301642840948,0.0,,,Insufficient Data
2020-02-03,-0.0025604518405709094,1.0389631204127594,-0.0025604518405709653,,,Insufficient Data
2020-02-04,0.028881853531597487,1.0689703010812523,0.0,,,Insufficient Data
2020-02-05,0.003009619684768908,1.0721874951418198,0.0,,,Insufficient Data
2020-02-06,0.009085328534869467,1.081928670786162,0.0,,,Insufficient Data
2020-02-07,-0.00268077047254718,1.0790282683521162,-0.0026807704725472226,,,Insufficient Data
2020-02-10,0.013352499773910634,1.093435993061331,0.0,,,Insufficient Data
2020-02-11,-0.0003870063447754606,1.0930128263944106,-0.00038700634477539797,,,Insufficient Data
2020-02-12,0.015800855236983512,1.1102833638364349,0.0,,,Insufficient Data
2020-02-13,-0.006140087364342631,1.1034661269833028,-0.0061400873643427945,,,Insufficient Data
2020-02-14,-0.00267266119582507,1.100516935884807,-0.008796338186930264,,,Insufficient Data
2020-02-18,-0.007022834268212197,1.0927881878347274,-0.015757397229888448,,,Insufficient Data
2020-02-19,0.011318755116810759,1.1051571897273722,-0.004616996233601012,,,Insufficient Data
2020-02-20,-0.009293546764215023,1.0948863597028324,-0.013867634727408817,,,Insufficient Data
2020-02-21,-0.024225371573730115,1.0683623308080226,-0.03775705769701876,,,Insufficient Data
2020-02-24,-0.044999834666236596,1.0202862025580264,-0.08105783100940589,,,Insufficient Data
2020-02-25,-0.027466506845155093,0.992262504591449,-0.10629796238428779,,,Insufficient Data
2020-02-26,0.010753813370126498,1.0029331103799999,-0.09668725746326656,,,Insufficient Data
2020-02-27,-0.0583134417108415,0.9444486289079828,-0.14936253242184272,,,Insufficient Data
2020-02-28,-0.00046376011114043184,0.9440106313068739,-0.14975702414834702,,,Insufficient Data
2020-03-02,0.0707390964270045,1.0107890903830083,-0.08961160429319359,,,Insufficient Data
2020-03-03,-0.028368859560344517,0.9821141566328044,-0.11543828483636731,,,Insufficient Data
2020-03-04,0.041953976511538045,1.023317750891826,-0.07832740341538658,,,Insufficient Data
2020-03-05,-0.030029533141639343,0.9925879965769921,-0.10600480120026501,,,Insufficient Data
2020-03-06,-0.012752860157929048,0.9799296606622068,-0.11740579695241804,,,Insufficient Data
2020-03-09,-0.0688887339890619,0.9124235469408563,-0.17820659422645102,,,Insufficient Data
2020-03-10,0.06356958591911074,0.9704259340027328,-0.12596552771037073,,,Insufficient Data
2020-03-11,-0.0358160304251533,0.935669129225133,-0.15726997296252898,,,Insufficient Data
2020-03-12,-0.09113493987697262,0.8503969793884611,-0.23407212330910843,,,Insufficient Data
2020-03-13,0.09800930222851449,0.9337437939555606,-0.1590040665572665,,,Insufficient Data
2020-03-16,-0.09992719476320629,0.8404373959980281,-0.243042430993463,,,Insufficient Data
2020-03-17,0.05456393766992433,0.886294969688738,-0.20173984537941292,,,Insufficient Data
2020-03-18,-0.009458995294481626,0.8779115097409296,-0.20929058442574122,,,Insufficient Data
2020-03-19,0.007167945293459178,0.8842043314152508,-0.2036228225918818,,,Insufficient Data
2020-03-20,-0.044313230784006605,0.8450223808170285,-0.23891286824548352,,,Insufficient Data
2020-03-23,0.0015182490805853222,0.846305335269778,-0.23775734840745189,,,Insufficient Data
2020-03-24,0.06393739138573992,0.9004158907227617,-0.18902154166167484,,,Insufficient Data
2020-03-25,-0.015208688544659552,0.8867217458800971,-0.20135546045097052,,,Insufficient Data
2020-03-26,0.04593431666856698,0.9274527033522582,-0.1646702692657035,,,Insufficient Data
2020-03-27,-0.035875455223653846,0.8941799154210874,-0.19463810361764855,,,Insufficient Data
2020-03-30,0.03069559462433887,0.9216272996260787,-0.1699170413204072,,,Insufficient Data
2020-03-31,-0.004264027898127895,0.9176974551087969,-0.17345653821397744,,,Insufficient Data
2020-04-01,-0.04024265164186839,0.8807668761102244,-0.2067188388134963,,,Insufficient Data
2020-04-02,0.012261435874554005,0.8915663426820812,-0.1969920727251162,-0.10843365731791876,0.5447478794137844,Crisis
2020-04-03,-0.011133058628535746,0.8816404823177725,-0.20593200705864645,-0.10883382653449358,0.5447799164694598,Crisis
2020-04-06,0.0711526904151544,0.9443715746135964,-0.14943193298830726,-0.05555985560537002,0.5632674984111248,Bear / High Volatility
2020-04-07,-0.004177020036774249,0.9404269156242754,-0.1529847728468554,-0.057640846830047776,0.5633115250267092,Crisis
2020-04-08,0.021573554098599367,0.9607152665642745,-0.1347116440215297,-0.0434936882186443,0.5648595936799292,Bear / High Volatility
2020-04-09,0.004280058358590163,0.9648271839711582,-0.13100815936093324,-0.05332896824021993,0.564133857110451,Bear / High Volatility
2020-04-13,0.03641149545391732,0.99995798459414,-0.09936686690601249,-0.016570533078337335,0.5688535863502389,Bear / High Volatility
2020-04-14,0.05142858007654534,1.0513844038780205,-0.05304858370109855,0.01901338464566127,0.5772934901658027,Bull / High Volatility
2020-04-15,-0.0010336913487038574,1.0502975969155695,-0.054027439187769755,0.031108678863077666,0.5766382513718464,Bull / High Volatility
2020-04-16,0.022675288217749858,1.07411339764004,-0.03257723872526952,0.05889752806216353,0.5781318405320862,Bull / High Volatility
2020-04-17,-0.013658930252383883,1.0594421576585238,-0.04579119874608961,0.03308264655465587,0.578600101455505,Bull / High Volatility
2020-04-20,-0.008689639887026514,1.0502359868273368,-0.05408292960601746,0.019942531265706664,0.5789028114474062,Bull / High Volatility
2020-04-21,-0.029386933777196717,1.019372771432013,-0.08188053191240519,-0.011407540052417176,0.582075729341224,Bear / High Volatility
2020-04-22,0.022951101959747772,1.0427684998441398,-0.06080867838909754,0.010007868259478636,0.5838077694985542,Bull / High Volatility
2020-04-23,0.004270535411323814,1.0472216796485372,-0.0567978285921501,0.011920322235825953,0.5838405540308221,Bull / High Volatility
2020-04-24,0.0183526009915514,1.066440921284829,-0.039487615485937155,0.03717872343438078,0.5846859801097536,Bull / High Volatility
2020-04-27,-0.00563486090304259,1.0604316750320764,-0.04489996916832362,0.05779017141517406,0.5824288275128054,Bull / High Volatility
2020-04-28,-0.020364983546748858,1.0388360014175968,-0.06435056558171004,0.013294481412126968,0.5824502732304517,Bull / High Volatility
2020-04-29,0.029696230735688278,1.0696855150122335,-0.0365653040895082,0.029046444225263368,0.5847354068599084,Bull / High Volatility
2020-04-30,0.030113448673655452,1.101897434865507,-0.007552962823788811,0.058269975191324486,0.5876034797432785,Bull / High Volatility
2020-05-01,-0.04009464521047028,1.0577172481562473,-0.04734477466955134,0.015444141715317272,0.593484663073976,Bull / High Volatility
2020-05-04,0.013745423750648451,1.0722560199405247,-0.03425012490911494,0.03204435159790697,0.5939903310924715,Bull / High Volatility
2020-05-05,0.009534356367220576,1.0824792909515353,-0.025042321438399684,0.0126373855818247,0.5915799390083534,Bull / High Volatility
2020-05-06,0.011888489005995262,1.09534833410123,-0.0134515477955095,0.021601482076925693,0.591975954596904,Bull / High Volatility
2020-05-07,0.009047947808068073,1.1052589886598323,-0.004525308889832935,0.021563637699625327,0.5919738907407999,Bull / High Volatility
2020-05-08,0.016652811624527204,1.1236646583943,0.0,0.04136721099100793,0.5927443115136036,Bull / High Volatility
2020-05-11,0.014458423376574719,1.139911077758659,0.0,0.042503708486136604,0.5928395880181122,Bull / High Volatility
2020-05-12,-0.015260094226086473,1.122515927302702,-0.01526009422608643,0.026992456260202857,0.5937622082788568,Bull / High Volatility
2020-05-13,-0.005816767102736797,1.1159865135844695,-0.020988096914744347,0.005136661444992363,0.5931625533441743,Bull / High Volatility
2020-05-14,0.007162342957733257,1.1239795917309665,-0.013976077905144657,0.018590026685952,0.5931293083734172,Bull / High Volatility
2020-05-15,-0.00035618627268306117,1.123579245629616,-0.014327286090731972,0.020955888085690377,0.5930893962211562,Bull / High Volatility
2020-05-18,0.01717181975668576,1.1428731459179207,0.0,0.04583226524660011,0.5937297844978378,Bull / High Volatility
2020-05-19,3.0504938600066395e-06,1.142876632245435,0.0,0.03413038694284598,0.5933928364669583,Bull / High Volatility
2020-05-20,0.019600239323814137,1.1652772877550401,0.0,0.0642906247104158,0.5941249385237953,Bull / High Volatility
2020-05-21,-0.012435983616950159,1.1507859184953142,-0.012435983616950308,0.07714947009125095,0.5925011450878651,Bull / High Volatility
2020-05-22,0.0024734211820298183,1.1536322967621022,-0.009993321860217952,0.1306947931568172,0.5847952292027918,Bull / High Volatility
2020-05-26,-0.006543799729740757,1.1460831580503301,-0.01647172729307067,0.15502012093283302,0.5819098027155195,Bull / High Volatility
2020-05-27,0.0009335689792400997,1.1471531057343154,-0.01555353580746588,0.14379821930464698,0.5817062122043746,Bull / High Volatility
2020-05-28,-0.0011672003175981108,1.1458141482649686,-0.016702582033129798,0.21320960525911792,0.5683800565700425,Bull / High Volatility
2020-05-29,0.005806125973968457,1.1524668895525503,-0.010993433354536286,0.22081982059576255,0.5683314605136855,Bull / High Volatility
2020-06-01,0.012029269388380325,1.1663302242281666,0.0,0.15388089891850898,0.5521261955705096,Bull / High Volatility
2020-06-02,0.002999868413808304,1.1698290614278988,0.0,0.19113348843140532,0.5484640090268234,Bull / High Volatility
2020-06-03,0.004275657251510094,1.1748308495374202,0.0,0.14806065712585426,0.5428386571256356,Bull / High Volatility
2020-06-04,-0.00804281917338928,1.1653818974552714,-0.008042819173389337,0.1740842136658629,0.5392074776293703,Bull / High Volatility
2020-06-05,0.020758922897410784,1.1895739704105837,0.0,0.2139381204225479,0.5393629039783153,Bull / High Volatility
2020-06-08,0.010097970845464665,1.2015862536823134,0.0,0.31691719017001785,0.5189311554542849,Bull / High Volatility
2020-06-09,0.03112160169751725,1.2389815424746264,0.0,0.27673993353019544,0.5079642312987549,Bull / High Volatility
2020-06-10,0.022631652367251592,1.2670217420333534,0.0,0.35413438624680094,0.5025815979297971,Bull / High Volatility
2020-06-11,-0.04240727882251046,1.213290797744762,-0.0424072788225105,0.42673460413425524,0.47315867088662006,Bull / High Volatility
2020-06-12,0.0031853253059327307,1.2171555236262737,-0.03935703449496686,0.3035219419987947,0.4347347493251805,Bull / High Volatility
2020-06-15,0.011775398187605687,1.2314880145732168,-0.02804508106002268,0.4652941675814082,0.37947394677004964,Bull / High Volatility
2020-06-16,0.022580256260755903,1.2592953295243297,-0.006098089916455662,0.42085352235112916,0.3681845012526194,Bull / High Volatility
2020-06-17,0.0030070047173104296,1.2630820365206965,-0.0031094221842904446,0.43873502341190496,0.36691918631458764,Bull / High Volatility
2020-06-18,0.0021836848650634475,1.2658402096471801,-0.0009325273173900195,0.4316150290975007,0.36699295802661197,Bull / High Volatility
2020-06-19,-0.00031770505391604426,1.265438045815125,-0.0012499361026644396,0.4975201539533274,0.35276338379778494,Bull / High Volatility
2020-06-22,0.021513513457380368,1.2926620642432498,0.0,0.5274180728533229,0.3538413900728143,Bull / High Volatility
2020-06-23,0.020273668145772836,1.3188690659583473,0.0,0.4647332188903226,0.33558317661568043,Bull / High Volatility
2020-06-24,-0.01496335498538978,1.299134359945163,-0.01496335498538981,0.46509811672176204,0.33551963205164353,Bull / High Volatility
2020-06-25,0.010933539751803788,1.3133384971125577,-0.0041934176701391435,0.4160705903012887,0.3258780828432281,Bull / High Volatility
2020-06-26,-0.02743116131392597,1.277312096938474,-0.03150954866749889,0.4284732579091335,0.3219081544411001,Bull / High Volatility
2020-06-29,0.012030991611966222,1.2926794280626037,-0.019857648171248132,0.40260540088934893,0.3182024616247723,Bull / High Volatility
2020-06-30,0.016533380862778734,1.3140517893802417,-0.0036525813687238173,0.4319008754627691,0.3183056082200728,Bull / High Volatility
2020-07-01,0.01623885814642109,1.3353904899850382,0.0,0.5161679284336758,0.3047752182286282,Bull / High Volatility
2020-07-02,0.0016549962008069845,1.3376005561725572,0.0,0.5002815742782301,0.30474205156511763,Bull / High Volatility
2020-07-06,0.039487472733655334,1.3904190216629433,0.0,0.577081644444942,0.30952238281520467,Bull / High Volatility
2020-07-07,-0.009602624827984307,1.377067349444221,-0.009602624827984352,0.45818381923203133,0.2829607929378235,Bull / High Volatility
2020-07-08,0.024828261981185644,1.411257538361959,0.0,0.5006562603805709,0.284595203748932,Bull / High Volatility
2020-07-09,0.016216949528956852,1.4341438306339347,0.0,0.4927875933134107,0.2836514351953379,Bull / High Volatility
2020-07-10,0.0033172004747652082,1.4389011732297952,0.0,0.4913563767009388,0.28368910341288733,Bull / High Volatility
2020-07-13,-0.015369738211564375,1.4167856388849402,-0.01536973821156451,0.4168451682097245,0.28039790878982435,Bull / High Volatility
2020-07-14,0.006951423346128187,1.426634315651544,-0.008525156422464097,0.35691028931893976,0.26457927053366326,Bull / High Volatility
2020-07-15,-0.0059884897472544845,1.4180909306791831,-0.01446259335788913,0.35018011546795913,0.26522282883504505,Bull / High Volatility
2020-07-16,-0.008535839038991973,1.4059863347522512,-0.022874982027891733,0.30897383632061315,0.2640711193859192,Bull / High Volatility
2020-07-17,-0.0063388656732858975,1.397073976237781,-0.029068846262824022,0.3186882984961248,0.2624350205009905,Bull / High Volatility
2020-07-20,0.04459129254385611,1.4593713106176083,0.0,0.38956513480958854,0.27294586189414594,Bull / High Volatility
2020-07-21,-0.015685188185758626,1.4364807969776738,-0.015685188185758703,0.40918105450247433,0.267166322370201,Bull / High Volatility
2020-07-22,-0.0034504652029763573,1.4315242699729587,-0.019081532192697925,0.3728111946102388,0.26540887582289074,Bull / High Volatility
2020-07-23,-0.04182506307731805,1.371650677084628,-0.060108508982444464,0.3097997336580869,0.28157017364126957,Bull / High Volatility
2020-07-24,0.0016561260497247356,1.3739223035020705,-0.05855193020025562,0.2883248158245788,0.2801957106481278,Bull / High Volatility
2020-07-27,0.02023204847826948,1.4017195661519,-0.03950450721229404,0.32183864284278463,0.2812856096740329,Bull / High Volatility
2020-07-28,-0.017065075542919795,1.377799115865529,-0.05589543535535024,0.3262912663648383,0.2801707278569614,Bull / High Volatility
2020-07-29,0.015806485450315107,1.3995772775439144,-0.04097246029071855,0.30840070086198157,0.2764758695722913,Bull / High Volatility
2020-07-30,0.009601414973212907,1.413015199772693,-0.031764438911230486,0.2823472993610887,0.2717325778914225,Bull / High Volatility
2020-07-31,0.07681879029406678,1.5215613180863603,0.0,0.43853314365314633,0.2941282135135589,Bull / High Volatility
2020-08-03,0.00843876578272497,1.5344014176737453,0.0,0.43100284739726225,0.2937482156616623,Bull / High Volatility
2020-08-04,0.007449996983042771,1.5458327036061914,0.0,0.42804829295843083,0.29367214474556524,Bull / High Volatility
2020-08-05,0.010445114559441806,1.5619791032850896,0.0,0.42601130129690357,0.2935654513957295,Bull / High Volatility
2020-08-06,0.02358019145727885,1.5988108695928207,0.0,0.4465486243468051,0.2956472295316224,Bull / High Volatility
2020-08-07,-0.02083718355432428,1.5654961540344663,-0.02083718355432429,0.39320583088511407,0.2996611652911005,Bull / High Volatility
2020-08-10,0.006508140614418414,1.575684623136254,-0.01446465426048571,0.3822873151074493,0.2991112026050904,Bull / High Volatility
2020-08-11,-0.02655003738578069,1.5338501374837867,-0.04063065453487813,0.3664395312140323,0.30309498864185724,Bull / High Volatility
2020-08-12,0.030624730289785324,1.5808238842491777,-0.011250227081720965,0.416525975006351,0.306481754418619,Bull / High Volatility
2020-08-13,0.010740706728628415,1.5978030499795095,-0.0006303557428076756,0.42155877360623495,0.3066335303046523,Bull / High Volatility
2020-08-14,-0.002116741791816453,1.594420913488526,-0.0027457632342796634,0.4190551487047687,0.30679692193446517,Bull / High Volatility
2020-08-17,0.0025286038653581505,1.5984525723733811,-0.00022410231644898193,0.3986264163111075,0.3059784245370389,Bull / High Volatility
2020-08-18,0.020792703752999867,1.6316887231739614,0.0,0.4277032858464762,0.3072770549852779,Bull / High Volatility
2020-08-19,-0.005365238987471659,1.6229343232209705,-0.005365238987471765,0.39274517771442086,0.30679283423298254,Bull / High Volatility
2020-08-20,0.01798788296907226,1.6521274758935598,0.0,0.4356514529251141,0.30561372349686916,Bull / High Volatility
2020-08-21,0.03028002742821125,1.7021539411785183,0.0,0.475473550763057,0.3093697434714758,Bull / High Volatility
2020-08-24,0.010090829016417821,1.7193300855585725,0.0,0.5001791741564621,0.30833274796518984,Bull / High Volatility
2020-08-25,-0.000803019489962299,1.7179494299901903,-0.0008030194899623089,0.4975764101606104,0.30848296356090205,Bull / High Volatility
2020-08-26,0.019179554257398413,1.7508989342941539,0.0,0.528082836946485,0.3090801389768495,Bull / High Volatility
2020-08-27,-0.012031773971663861,1.7298325140694994,-0.012031773971663884,0.5009823967620566,0.3113959123269756,Bull / High Volatility
2020-08-28,-0.0008073288770381929,1.7284359703284515,-0.012829389250132772,0.4819439078433094,0.3115536974955338,Bull / High Volatility
2020-08-31,0.026546100268591968,1.774319204904632,0.0,0.5167337377812202,0.31404270879370005,Bull / High Volatility
2020-09-01,0.029429589717468934,1.8265366911328011,0.0,0.554723126186196,0.31722620216386865,Bull / High Volatility
2020-09-02,-0.0089157832088647,1.810251685971624,-0.00891578320886477,0.5533549044519159,0.31740171834692216,Bull / High Volatility
2020-09-03,-0.06651024926199126,1.6898513951107115,-0.07483304150726844,0.42055175814536194,0.34870594886715933,Bull / High Volatility
2020-09-04,-0.008539542265476093,1.6754208376997899,-0.0827335438519391,0.3943408827833974,0.3497683345184226,Bull / High Volatility
2020-09-08,-0.05785193861744575,1.5784944942387922,-0.1357991865688586,0.2740258350306459,0.36809350838745386,Bull / High Volatility
2020-09-09,0.038991900100536145,1.6400429938673975,-0.1021023547847495,0.29440793276002575,0.37286163315436477,Bull / High Volatility
2020-09-10,-0.03098965705228399,1.5892186239364459,-0.12992789487802336,0.30984148803440226,0.36770238044773507,Bull / High Volatility
2020-09-11,-0.015355286977076901,1.5648157158965865,-0.14328810174292073,0.2856333356928209,0.3698471469294732,Bull / High Volatility
2020-09-14,0.015972605388751983,1.58980989983272,-0.12960418066021195,0.29096660383145,0.3702886423135829,Bull / High Volatility
2020-09-15,0.007810562237327013,1.602227209000882,-0.1228058999421493,0.27232045687494777,0.36850384248995577,Bull / High Volatility
2020-09-16,-0.0275731846575538,1.5580487023037437,-0.14699293484356102,0.23352930154526486,0.37390681249363755,Bull / High Volatility
2020-09-17,-0.018634106250018545,1.529015857242312,-0.1628879591277027,0.20790589964628037,0.3765385059858454,Crisis
2020-09-18,-0.02612254962150415,1.489074064639433,-0.184755459954148,0.17672616969585064,0.38105046561303985,Crisis
2020-09-21,0.018717916528209404,1.5169464286856753,-0.16949578070349125,0.17350579911519826,0.38053520344141384,Crisis
2020-09-22,0.032254326273399365,1.565874513735771,-0.14270842664286687,0.18728579974536097,0.38351068786605774,Bull / High Volatility
2020-09-23,-0.04166789813740404,1.500627814001472,-0.1784299645955667,0.15509824100473635,0.3922193022790049,Crisis
2020-09-24,0.008778511163495267,1.5138010920189353,-0.17121780286817567,0.1526358934479619,0.3920566677544084,Crisis
2020-09-25,0.032360566792972036,1.5627885533684882,-0.14439794122106508,0.22349781006087666,0.3917045607046769,Bull / High Volatility
2020-09-28,0.024532406701752225,1.601127517748567,-0.12340796354024364,0.23861143218489178,0.39360366884583664,Bull / High Volatility
2020-09-29,-0.00822919080975325,1.5879515338942676,-0.1306216066705812,0.20843907883052926,0.3934391703314494,Bull / High Volatility
2020-09-30,0.009434237279659813,1.602932645453626,-0.12241968462210195,0.2003475069465166,0.39276528006312555,Bull / High Volatility
2020-10-01,0.014283295935355256,1.6258278067930818,-0.10988494527051718,0.2154808094916365,0.39337438530768104,Bull / High Volatility
2020-10-02,-0.031312837157968114,1.5749185254320737,-0.13775697303111722,0.13269345491869866,0.39246300957295416,Bull / High Volatility
2020-10-05,0.027943573616167176,1.6189273771869503,-0.11366282153198548,0.17563413135918537,0.3950177510173645,Bull / High Volatility
2020-10-06,-0.029615437612514728,1.570982134448678,-0.1399120849445573,0.11317891436889083,0.3977190157051027,Bull / High Volatility
2020-10-07,0.022557929715681338,1.6064202390221622,-0.12051028220742976,0.1201249168377192,0.3988400866871828,Bull / High Volatility
2020-10-08,-0.0012202057723568068,1.6044600757736767,-0.12158344063780868,0.11505925884559853,0.3988876624519708,Bull / High Volatility
2020-10-09,0.02254814166867483,1.6406376688639543,-0.10177677961320009,0.15799992873670976,0.3993691086615522,Bull / High Volatility
2020-10-12,0.057005928709968554,1.7341637428541017,-0.05057273074619195,0.21556289781387283,0.41384834035460777,Bull / High Volatility
2020-10-13,-0.015720957222822466,1.7069010288353226,-0.06549863623231222,0.20366119824052276,0.4152048895577885,Bull / High Volatility
2020-10-14,-0.009096248601918152,1.6913746327381667,-0.07399909295597462,0.20298084763121493,0.41527123647874703,Bull / High Volatility
2020-10-15,-0.005373790262082834,1.6822855402072243,-0.07897522761292775,0.20414922102943933,0.41518490781398243,Bull / High Volatility
2020-10-16,-0.01632422412323742,1.6548235340096,-0.09401024242042799,0.1339290569644518,0.40837414596556876,Bull / High Volatility
2020-10-19,-0.02331569523107653,1.6162401728294191,-0.11513402349063029,0.12513872530002246,0.41002360380411895,Bull / High Volatility
2020-10-20,0.009096003153088955,1.6309414985376245,-0.1070852797782399,0.13930411991438585,0.41008845399783717,Bull / High Volatility
2020-10-21,-0.007262784034725644,1.6190963226604738,-0.1135703265526381,0.18039990043367227,0.4006558588968864,Bull / High Volatility
2020-10-22,-0.0068185735699565235,1.6080563952675673,-0.11961451249563149,0.17041290556875044,0.40112529281566983,Bull / High Volatility
2020-10-23,-0.00012112413160703263,1.6078616208331153,-0.11972114842328496,0.14706369209579706,0.39959582512236164,Bull / High Volatility
2020-10-26,0.0003860278053990778,1.608482300125991,-0.11938133631007153,0.1674287503919234,0.39764383960028904,Bull / High Volatility
2020-10-27,0.01804035187489105,1.6374998868047979,-0.10349466574950894,0.16999605029199194,0.39796650046181764,Bull / High Volatility
2020-10-28,-0.04274975217357771,1.5674971724596312,-0.1418200466110079,0.1093278916686744,0.4079795720994397,Bull / High Volatility
2020-10-29,0.02809309421316729,1.6115330182044127,-0.11771111632859954,0.05913116944324659,0.38248971869498233,Bull / High Volatility
2020-10-30,-0.05538456861421112,1.5222789571836037,-0.16657630554385394,-0.007900449224375827,0.3985428581183882,Crisis
2020-11-02,-0.004680677980990521,1.5151536595877892,-0.1704772934793306,-0.019846289929584038,0.39838273565189414,Crisis
2020-11-03,0.015062542069314311,1.5379757253268058,-0.15798257281491157,-0.015367284944977189,0.39898165168309546,Crisis
2020-11-04,0.04973803516479778,1.614471616035716,-0.11610228041220694,0.009795246417660275,0.40856205176795407,Bull / High Volatility
2020-11-05,0.031245280995605862,1.664916235338182,-0.08848464779231113,0.06350707476827666,0.41078803312280565,Bull / High Volatility
2020-11-06,-0.0019621355540676354,1.6616494439982803,-0.09027316447295641,0.054557123678037556,0.4107016445066579,Bull / High Volatility
2020-11-09,-0.03221936275951323,1.6081121577829562,-0.11958398339886622,0.0484154341316505,0.41241017221622195,Bull / High Volatility
2020-11-10,-0.01538783984368892,1.5833667854483031,-0.13313168405814302,0.0016085923450814832,0.40926989499495153,Bull / High Volatility
2020-11-11,0.03165077941114505,1.6334815783014613,-0.1056946262117564,0.022329741029352368,0.4135410036614268,Bull / High Volatility
2020-11-12,-0.004769125040388183,1.625691300403371,-0.10995968036364367,0.019612378795525798,0.4136480959428768,Bull / High Volatility
2020-11-13,0.002544470946714373,1.6298278246855737,-0.10769499862892451,0.019628516262830242,0.41364839090209377,Bull / High Volatility
2020-11-16,0.005639767068216433,1.6390196739780982,-0.10266260626738721,0.0044928611076489045,0.41175435126348037,Bull / High Volatility
2020-11-17,-0.004103359357729591,1.6322941872613774,-0.10634470405900054,0.005767247575262591,0.41169021380497395,Bull / High Volatility
2020-11-18,-0.010713254423222433,1.6148070043396991,-0.11591866061107658,-0.022589341378561056,0.4107140787998115,Bear / High Volatility
2020-11-19,0.004610520353853944,1.6222521049007534,-0.1118425856013614,-0.046941604014055005,0.40619791538968447,Bear / High Volatility
2020-11-20,-0.008913292052567672,1.6077924981068805,-0.11975899202454976,-0.0648727015181938,0.40597378757039493,Bear / High Volatility
2020-11-23,-0.018369764635997574,1.5782577283331345,-0.1359288121640121,-0.08131304636705916,0.40750217916488957,Bear / High Volatility
2020-11-24,0.009528855076303012,1.5932967174994763,-0.12769520303951387,-0.09001217243770421,0.4060122668259971,Bear / High Volatility
2020-11-25,0.012971141930243742,1.6139635953591536,-0.11638041371170693,-0.06698273836798285,0.406373446841687,Bear / High Volatility
2020-11-27,0.00419237724592784,1.620729939612093,-0.11267594706409567,-0.06231415717175304,0.4064948627254163,Bear / High Volatility
2020-11-30,0.009378817122339074,1.6359304693204144,-0.10435389704335729,-0.07799539970129299,0.40325573401884574,Bear / High Volatility
2020-12-01,0.025043714539196373,1.6769002450000485,-0.08192359171276731,-0.08192359171276709,0.4020054037596893,Bear / High Volatility
2020-12-02,-0.0002684879363416718,1.6764500175138175,-0.0821700841530324,-0.0739132958663653,0.40168856612080805,Bear / High Volatility
2020-12-03,-0.00275838462310929,1.671825723564096,-0.08470181207953442,-0.010667015809064595,0.3789584515443289,Bear / High Volatility
2020-12-04,-0.006386564785425408,1.6611485002706132,-0.09054742325467091,-0.008518658183081396,0.3787831199748163,Bear / High Volatility
2020-12-07,0.006875512333001035,1.67256974727117,-0.08429447084697883,0.059598087529437294,0.36016500614695407,Bull / High Volatility
2020-12-08,0.005487771885145171,1.681748428506189,-0.07926928778902098,0.025429476419057684,0.35200653150697103,Bull / High Volatility
2020-12-09,-0.021723270548293348,1.6452153523995818,-0.09927057015250296,0.035235383992942015,0.3490980506656721,Bull / High Volatility
2020-12-10,0.006976282505756735,1.6566928394807292,-0.09298682718863771,0.05871434102481521,0.3477552671051607,Bull / High Volatility
2020-12-11,-0.002269201716846149,1.6529334692450928,-0.09504502303758333,0.03970510525756232,0.3465048554728551,Bull / High Volatility
2020-12-14,0.0019247349595621775,1.6561149280791791,-0.09330322455659401,0.033633007088863964,0.34622432162928657,Bull / High Volatility
2020-12-15,0.03138438576328209,1.7080910778503462,-0.06484710318575426,0.09630146690841523,0.3466935457269935,Bull / High Volatility
2020-12-16,0.008832988751888876,1.7231786271282001,-0.05658690816689771,0.12698545209078138,0.34449245514241794,Bull / High Volatility
2020-12-17,0.0036734410714751864,1.729508622270581,-0.05312133576799061,0.16146581512677693,0.33968053398005343,Bull / High Volatility
2020-12-18,-0.013836708130488378,1.70557791625506,-0.06622301947995568,0.12434947207253733,0.33964355881712754,Bull / High Volatility
2020-12-21,0.008137781711344159,1.7194575370292329,-0.05862414624540546,0.0980813098024389,0.33432037339980786,Bull / High Volatility
2020-12-22,0.017542590665207212,1.7496212767675419,-0.04210997498087876,0.1659261946519044,0.3239096431925936,Bull / High Volatility
2020-12-23,-0.006843837984584069,1.7376471522149637,-0.04866561911915879,0.14787019336700857,0.3242139492707708,Bull / High Volatility
2020-12-24,0.0032966742654474837,1.7433756088640988,-0.045529379547873505,0.11555437561042292,0.3184558820262487,Bull / High Volatility
2020-12-28,0.035504807861961266,1.8052738248880484,-0.011641083558833754,0.12750159176986964,0.3223527470401592,Bull / High Volatility
2020-12-29,-0.003959663783058002,1.7981255475051365,-0.015554652564928384,0.13235543347815093,0.321908981368609,Bull / High Volatility
2020-12-30,-0.009425690797812027,1.7811769720787065,-0.02483373001719602,0.1111988873210823,0.32239036991883646,Bull / High Volatility
2020-12-31,-0.008121222057250424,1.7667116383651944,-0.03275327183846699,0.08665359946697171,0.32199998960617376,Bull / High Volatility
2021-01-04,-0.023503953520413828,1.7251869301330849,-0.05548739397994795,0.09541344664784135,0.3191294345298853,Bull / High Volatility
2021-01-05,0.011418530232252325,1.744886029251096,-0.04470244823336467,0.07780376923578403,0.31528285150822355,Bull / High Volatility
2021-01-06,-0.030153986838052965,1.6922707588911559,-0.07350847803576,0.07720560392307929,0.31549983679663657,Bull / High Volatility
2021-01-07,0.023441515701869607,1.7319401504575178,-0.051790112475986194,0.07813641062674881,0.31574581513276,Bull / High Volatility
2021-01-08,0.007785254020672533,1.7454237444774312,-0.04440805763669842,0.08785738631469675,0.3159569509483228,Bull / High Volatility
2021-01-11,-0.022564663310640817,1.7060388453489002,-0.06597066807848762,0.03986326641532778,0.3166423384780135,Bull / High Volatility
2021-01-12,-7.523684127835628e-07,1.7060375617791619,-0.06597137081265358,-0.016218872751110003,0.29533453714091995,Bear / High Volatility
2021-01-13,0.015516948478169984,1.732510058727112,-0.051478096696417674,0.01500323068482956,0.29522228662813654,Bull / High Volatility
2021-01-14,-0.01394120629123868,1.7083567785967515,-0.06470163622213121,0.010040440201644074,0.29601414740861837,Bull / High Volatility
2021-01-15,-0.011225784423525047,1.6891791336817565,-0.07520109402557729,0.004097754697269584,0.29670304544755893,Bull / High Volatility
2021-01-19,0.0053838556565602375,1.6982734303155724,-0.07022211020446623,0.026256513406414328,0.29494938776893675,Bull / High Volatility
2021-01-20,0.03797714355237901,1.762769004169858,-0.034911801811873255,0.09066030767192479,0.3001923604750084,Bull / High Volatility
2021-01-21,0.027301700571681915,1.8108955956987456,-0.008563252799676957,0.11033755491688457,0.30423235058362486,Bull / High Volatility
2021-01-22,0.007936269487275494,1.8252673511595312,-0.000694943594307329,0.1273370988578877,0.3039016910530473,Bull / High Volatility
2021-01-25,0.01706026121636845,1.8564068889600216,0.0,0.15444140791537975,0.3048093933803009,Bull / High Volatility
2021-01-26,0.0047879690463713265,1.8652953076818326,0.0,0.16010935488050748,0.30479830065451186,Bull / High Volatility
2021-01-27,-0.015592656563506519,1.8362103985596296,-0.015592656563506502,0.14157948670980236,0.30692555796572973,Bull / High Volatility
2021-01-28,-0.021026520601616958,1.7976012827854124,-0.03629131785065687,0.09777185163231739,0.30871617865808443,Bull / High Volatility
2021-01-29,-0.026589632387377965,1.7498037254970693,-0.0619159774375323,0.11630423087231057,0.3008575670396566,Bull / High Volatility
2021-02-01,0.026958976261648806,1.7969766425952896,-0.03662619254183874,0.11507280477411519,0.30046491624189614,Bull / High Volatility
2021-02-02,0.008272762716464314,1.811842603966509,-0.02865642962548065,0.19021720389450425,0.2772031426164581,Bull / High Volatility
2021-02-03,-0.012739684208751899,1.788760301356013,-0.04103103997025359,0.18058012798692746,0.27856617462384087,Bull / High Volatility
2021-02-04,0.0175989317824269,1.820240571874691,-0.02415421066122503,0.183530105124323,0.27906613019101445,Bull / High Volatility
2021-02-05,0.0006760139103800372,1.8214710798215166,-0.02349452533324614,0.12821499104089673,0.26229335767857476,Bull / High Volatility
2021-02-08,-0.0028445393285899223,1.816289833699075,-0.02627223356051922,0.09091964817686193,0.25564804652816114,Bull / High Volatility
2021-02-09,-0.006104477476313604,1.8052023333188016,-0.032216332778810086,0.08639180173593197,0.25601066605680556,Bull / High Volatility
2021-02-10,-0.004964171404179492,1.7962409995169824,-0.03702057678506154,0.11698738848750012,0.24709208501837038,Bull / Low Volatility
2021-02-11,-0.004124699832911598,1.7888320445664057,-0.04099257785109356,0.12976479044931444,0.24491069201034454,Bull / Low Volatility
2021-02-12,0.0029704210839145333,1.7941456289871676,-0.03814392198471195,0.09835681823407505,0.23742676879000424,Bull / Low Volatility
2021-02-16,-0.010747450659293075,1.7748631373640418,-0.04848142272452227,0.0917590177936356,0.23837775621327623,Bull / Low Volatility
2021-02-17,-0.005668336923940699,1.7648026151075797,-0.053874950609908545,0.08281536759752339,0.2387977377384789,Bull / Low Volatility
2021-02-18,-0.0026784511533042843,1.7600756775077906,-0.056409100339617435,0.07385878610954966,0.2387733819579371,Bull / Low Volatility
2021-02-19,-0.008990936015184777,1.7442509497094352,-0.06489286574297448,0.06858859347890989,0.23941738498695128,Bull / Low Volatility
2021-02-22,-0.026334199398089744,1.6983174973994795,-0.08951816347507524,0.05171546372746194,0.24455077943502748,Bull / Low Volatility
2021-02-23,0.001111792171997997,1.7002056734986555,-0.08850589689648047,0.048052684513343324,0.24443609040574774,Bull / Low Volatility
2021-02-24,-0.006880125829264444,1.6885080445293554,-0.09477709101846521,0.05020271366952822,0.24413926732749142,Bull / Low Volatility
2021-02-25,-0.03380955527398354,1.6314203384672743,-0.12538227499495258,0.03368436547450826,0.25094882881590774,Bull / High Volatility
2021-02-26,0.0061052287600169425,1.6413805328373614,-0.12004253370623119,0.03017882030997221,0.2505495150089926,Bull / High Volatility
2021-03-01,0.03916944035820835,1.7056724897234588,-0.08557509221247717,0.05682215796440926,0.2610676083958653,Bull / High Volatility
2021-03-02,-0.019135748136594806,1.673033170556592,-0.10307329693772826,0.03227140417793306,0.26406374214205364,Bull / High Volatility
2021-03-03,-0.02621367641880953,1.6291768203856865,-0.1265850433031923,-0.004128322726046907,0.26882806559808764,Bear / High Volatility
2021-03-04,-0.013195129129957905,1.607679621865163,-0.13810986644084333,-0.04127891527315275,0.26524700350162067,Bear / High Volatility
2021-03-05,0.009539032828738244,1.623015330556228,-0.129888268162057,-0.03187371314346321,0.26601076685051,Bear / High Volatility
2021-03-08,-0.031664433002189754,1.5716234703603034,-0.15743986279925892,-0.05993582452492496,0.27324660736905415,Crisis
2021-03-09,0.03942114117687744,1.633578661062271,-0.12422518068065935,-0.016596854046373122,0.28458721674027937,Bear / High Volatility
2021-03-10,-0.006195390368339465,1.6234580035596007,-0.12965094756110473,-0.029363046767822754,0.2844841874790219,Bear / High Volatility
2021-03-11,0.017220723574353402,1.651415125073472,-0.11466290711585414,-0.018036766331132492,0.2864182278611193,Bear / High Volatility
2021-03-12,-0.007671450157639707,1.6387463762518986,-0.12145472649662448,-0.003931993546163137,0.2834758886943051,Bear / High Volatility
2021-03-15,0.013657692585770464,1.6611278704847925,-0.10945582522843367,0.0026770387958297004,0.28444851066148574,Bull / High Volatility
2021-03-16,0.009025768752126549,1.6761208265115004,-0.10141797944339226,0.014028003968603375,0.2849465888902461,Bull / High Volatility
2021-03-17,0.0016311874906815484,1.6788548938365768,-0.09995222369210899,0.013730910440963084,0.28494072194516673,Bull / High Volatility
2021-03-18,-0.03408501874489803,1.6216310933101934,-0.13063036901886715,-0.05061790068534533,0.2860640262152428,Bear / High Volatility
2021-03-19,0.0034439401764373287,1.6272158937838042,-0.12763631201855685,-0.05568937069764146,0.28553935199898733,Bear / High Volatility
2021-03-22,0.0216538355157259,1.6624513590963734,-0.1087462922091148,-0.03877243646589734,0.2889160452886985,Bear / High Volatility
2021-03-23,-0.0007522608583669301,1.6612007620099865,-0.10941674748836017,-0.026018837264563,0.28763694023053404,Bear / High Volatility
2021-03-24,-0.018421792882741005,1.630598465635587,-0.1258228877109674,-0.05167854947274286,0.2893858234585388,Bear / High Volatility
2021-03-25,-0.0028222523759928388,1.6259965052416565,-0.1282900361431638,-0.07065801791933146,0.2870306343758341,Bear / High Volatility
2021-03-26,0.003849980505158979,1.6322565600882937,-0.124933969776162,-0.06065131922342781,0.286942820354059,Bear / High Volatility
2021-03-29,0.003977788035809248,1.6387493307043839,-0.12145314259059459,-0.060013618194351026,0.28698588610577863,Bear / High Volatility
2021-03-30,-0.010031999537244075,1.6223093981770984,-0.13026672425757302,-0.10134995821052017,0.277864012194297,Bear / High Volatility
2021-03-31,0.016339326435258435,1.6488168410129018,-0.11605586835361081,-0.08303575170232025,0.2801036133133505,Bear / High Volatility
2021-04-01,0.012823164301056351,1.669959890267559,-0.10472090752055463,-0.06244021989648363,0.28098817448083724,Bear / High Volatility
2021-04-05,0.022454304149777976,1.7074576775615566,-0.08461803847908389,-0.03353912405222337,0.28441385398485725,Bear / High Volatility
2021-04-06,0.0011070692084219236,1.7093479513810685,-0.08360464729553929,-0.009181021763707942,0.28051469763262626,Bear / High Volatility
2021-04-07,0.014936913965743656,1.7348803346683677,-0.06991652875358545,-0.005734296919680526,0.28118390915589786,Bear / High Volatility
2021-04-08,0.013930269140080113,1.7590476846561305,-0.056960215676382875,0.039459953683020466,0.27569814622142214,Bull / High Volatility
2021-04-09,0.020988938060489622,1.7959682275548254,-0.03716681205463712,0.03696898941940607,0.2749206772928686,Bull / High Volatility
2021-04-12,-0.007083401877772883,1.783246662839343,-0.04398694646611134,0.02166976270466381,0.2749766893975939,Bull / High Volatility
2021-04-13,0.016951536259172104,1.813475433303512,-0.027781056524889824,0.06297429173287084,0.2728611512123987,Bull / High Volatility
2021-04-14,-0.018593573860753602,1.779756443889721,-0.045858081259217975,0.04321058560614577,0.2756893461112603,Bull / High Volatility
2021-04-15,0.016759965230607427,1.8095851000082623,-0.029866695876057392,0.04448750002512414,0.275969749971842,Bull / High Volatility
2021-04-16,0.0008754566001292241,1.8111693132275601,-0.029017386271956935,0.06018212115812194,0.2743303861654021,Bull / High Volatility
2021-04-19,-0.00018749701788038964,1.8108297243824536,-0.029199442616444582,0.07201757840540379,0.27320468247807117,Bull / High Volatility
2021-04-20,-0.012130362447670389,1.7888637034946793,-0.040975605241907576,0.05334257226309802,0.2743706201259153,Bull / High Volatility
2021-04-21,0.00502210337614975,1.7978475619394716,-0.03615928559118298,0.019899690592831476,0.2640264575601748,Bull / High Volatility
2021-04-22,-0.013309005805060208,1.7739199983010059,-0.04898704725440328,-0.020418403736561785,0.2596961422804767,Bear / High Volatility
2021-04-23,0.014692032343455497,1.7999824882907467,-0.03501473419362,-0.013852690047143845,0.26090465425673676,Bear / High Volatility
2021-04-26,0.009866772444313287,1.8177425059064605,-0.025493444163793177,-0.020827536938963442,0.25937507972767593,Bear / High Volatility
2021-04-27,-0.0004818162829897964,1.816866687968832,-0.025962977290275413,-0.025962977290275857,0.2591770137212583,Bear / High Volatility
2021-04-28,0.001207690408033601,1.8190609004405678,-0.02478664212087922,-0.00933961496597302,0.2573156333444797,Bear / High Volatility
2021-04-29,0.0010559421466548103,1.8209817235126746,-0.02375687323431397,0.013006466423429286,0.2537537207289407,Bull / High Volatility
2021-04-30,-0.009439420704113534,1.8037927109299368,-0.03297204281735455,0.03085430934119815,0.24862493343710754,Bull / Low Volatility
2021-05-03,-0.004426303404105912,1.7958085771132462,-0.03725240195609769,-0.0006500170644156977,0.24296146702039723,Bear / Low Volatility
2021-05-04,-0.030146774379327192,1.7416707411105525,-0.06627613657856635,-0.03872955780062548,0.24976706984445007,Bear / Low Volatility
2021-05-05,-0.003755966987169881,1.7351290833044217,-0.0697831725847099,-0.02998233917139992,0.24862205388857278,Bear / Low Volatility
2021-05-06,0.01207787816431002,1.7560857609719236,-0.05854812707679691,-0.03524523730217344,0.2472422664037202,Bear / Low Volatility
2021-05-07,0.0014913874236163972,1.758704765190629,-0.05714405759357921,-0.03445913323918237,0.24726273626557502,Bear / Low Volatility
2021-05-10,-0.02771913092145519,1.7099549975521229,-0.08327920490121477,-0.05854508139286818,0.2531810817231498,Bear / High Volatility
2021-05-11,-0.0004663858631285407,1.7091574987146787,-0.08370675052048471,-0.05320447067423628,0.2529548494212544,Bear / High Volatility
2021-05-12,-0.023912257339643604,1.6682876847714316,-0.10561739050061714,-0.07123393507884468,0.2570458350031457,Bear / High Volatility
2021-05-13,0.012063497942969719,1.6884130698249535,-0.09482800773069344,-0.05613661441635931,0.2582929977510623,Bear / High Volatility
2021-05-14,0.01968355371522043,1.7216470391783332,-0.07701100619934753,-0.04040841982808363,0.26142486983310476,Bear / High Volatility
2021-05-17,8.75865771619765e-05,1.7217978323495757,-0.07693016475262238,-0.029898251812969456,0.260598952578686,Bear / High Volatility
2021-05-18,-0.011406725367821339,1.7021577573370539,-0.08745936885860939,-0.035496806971077155,0.2613267492919691,Bear / High Volatility
2021-05-19,-0.000833844460321542,1.700738422520505,-0.08822028580870489,-0.03371289981764036,0.2612885655000465,Bear / High Volatility
2021-05-20,0.014646764658708053,1.7256487379411853,-0.07486566291436092,-0.010664871228161732,0.2624080216787391,Bear / High Volatility
2021-05-21,-0.0143620876987632,1.7008648194296139,-0.08815252339672208,0.0014999091948557641,0.2585959414227423,Bull / High Volatility
2021-05-24,0.013223975864643396,1.723357014750772,-0.0760942743738845,0.013616788611506836,0.25990946846437457,Bull / High Volatility
2021-05-25,0.0007407301115347998,1.7246335571845226,-0.07540990958269378,0.02139493073320642,0.2594947631377035,Bull / High Volatility
2021-05-26,0.0004979489433736294,1.7254923366420294,-0.07494951092411672,0.05766263663424387,0.24997211505883427,Bull / Low Volatility
2021-05-27,-0.01173012572585232,1.7052520945942238,-0.08580046946373798,0.038913317466030994,0.2510379816678032,Bull / High Volatility
2021-05-28,-0.004099123744775922,1.6982620552424437,-0.08954788646682221,-0.0043445822839154324,0.2387218213544302,Bear / Low Volatility
2021-06-01,-0.0021476803391789986,1.6946147312156257,-0.09150324657082143,0.012899660950448366,0.2355717424612769,Bull / Low Volatility
2021-06-02,0.005671615857147377,1.704225934996944,-0.08635060197790545,0.04606566560006087,0.2295328916642521,Bull / Low Volatility
2021-06-03,-0.013103214064284505,1.6818950977567737,-0.09832234561989361,0.046163100459971185,0.22951015591048718,Bull / Low Volatility
2021-06-04,0.013832703999238196,1.7051602548018132,-0.08584970552412607,0.05061253747827066,0.23033234683447412,Bull / Low Volatility
2021-06-07,-0.0009668959128831016,1.7035115423206346,-0.08673359370761569,0.08391836495677696,0.22067899232831642,Bull / Low Volatility
2021-06-08,0.012210143247758602,1.7243116622765797,-0.07558248006341994,0.055542474554183485,0.2079548398205568,Bull / Low Volatility
2021-06-09,0.003932176650377846,1.731091960332958,-0.07194750707632513,0.06629919378102755,0.20752780295246684,Bull / Low Volatility
2021-06-10,0.003521738266158901,1.7371884131319026,-0.06867914909899153,0.05193926515273639,0.20499677315548417,Bull / Low Volatility
2021-06-11,0.005494791920775052,1.7467339019892438,-0.06356173481181138,0.06589642381655847,0.20445325569549755,Bull / Low Volatility
2021-06-14,0.019121797972895604,1.7801345947754899,-0.045655351490793916,0.0716421212389664,0.2061032457788612,Bull / Low Volatility
2021-06-15,-0.003946118380458914,1.7731099729313555,-0.04942130844956871,0.0578652474724739,0.20572926299704103,Bull / Low Volatility
2021-06-16,0.006169864383700615,1.7840498210017293,-0.04355636683666686,0.06265873694703727,0.2059880844848389,Bull / Low Volatility
2021-06-17,0.016257887415659002,1.813054702135502,-0.028006613929273616,0.1180438692961665,0.195424634124641,Bull / Low Volatility
2021-06-18,-0.0062707157126724155,1.8016855515268861,-0.034101708127921015,0.10721973550625963,0.19606684286613774,Bull / Low Volatility
2021-06-21,0.004497854114760877,1.8097892702983267,-0.029757238521383567,0.0886269005079574,0.1919264930494647,Bull / Low Volatility
2021-06-22,0.01358572547627157,1.8343765704945014,-0.01657578671859561,0.10424736879784402,0.1934032062271426,Bull / Low Volatility
2021-06-23,-0.0014343204689497794,1.8317454866316794,-0.017986332197365895,0.12335778871083747,0.18917599840378874,Bull / Low Volatility
2021-06-24,-0.007592874845038242,1.8178372724037213,-0.025442639073108286,0.11798350521888268,0.1899011009445338,Bull / Low Volatility
2021-06-25,-0.006870389386429953,1.805348022501142,-0.03213822762208751,0.10604427431646157,0.1906493652146711,Bull / Low Volatility
2021-06-28,0.012517107774237634,1.8279457582687957,-0.020023397506668483,0.11545171919801045,0.19183040296755227,Bull / Low Volatility
2021-06-29,0.007423945028758621,1.8415163270937356,-0.012748105080288452,0.1351202977452679,0.19062444597060968,Bull / Low Volatility
2021-06-30,0.00188419686562783,1.844986106385248,-0.010887928154295623,0.1189757773530713,0.18841044034580823,Bull / Low Volatility
2021-07-01,0.0005077407056915883,1.845922880932895,-0.010385715692928787,0.10536959102481358,0.18710201475691982,Bull / Low Volatility
2021-07-02,0.020844374711455123,1.8843999891515089,0.0,0.10362910537416337,0.18640115864185486,Bull / Low Volatility
2021-07-06,0.02759185658884926,1.9363940834082065,0.0,0.13282616441181205,0.19348809006092818,Bull / Low Volatility
2021-07-07,0.012952337974041559,1.961474914027444,0.0,0.13061107145605622,0.1929911179627502,Bull / Low Volatility
2021-07-08,-0.0016710241001490227,1.9581972421742662,-0.0016710241001490767,0.11321441667288612,0.1915961545519467,Bull / Low Volatility
2021-07-09,0.006396166455007413,1.9707221976869491,0.0,0.09730348647094256,0.1878342390644437,Bull / Low Volatility
2021-07-12,-0.002587839322767651,1.9656222852895238,-0.0025878393227676266,0.10227167460938613,0.18720912661409533,Bull / Low Volatility
2021-07-13,0.00019213952947014256,1.9659999590305355,-0.002396197019527202,0.08410619902866734,0.1846114864160588,Bull / Low Volatility
2021-07-14,0.014901602224283748,1.9952965083929668,0.0,0.12110649479216007,0.1820411667359205,Bull / Low Volatility
2021-07-15,-0.008141494292378303,1.979051813258283,-0.008141494292378315,0.09364948531530537,0.18057532096302764,Bull / Low Volatility
2021-07-16,-0.014775841966034785,1.949809656422984,-0.022797038825381533,0.07654742280740323,0.18348009586320657,Bull / Low Volatility
2021-07-19,-0.018977014215151303,1.912808090856206,-0.04134143331068019,0.056315823128278764,0.18786898344765413,Bull / Low Volatility
2021-07-20,0.018280747263475734,1.94777565212868,-0.023816438341066726,0.08883401699277216,0.18911152058475078,Bull / Low Volatility
2021-07-21,-0.0017894729762035675,1.9442901602354885,-0.025563292444469532,0.08145440213965527,0.18907512258632375,Bull / Low Volatility
2021-07-22,0.011648727097957525,1.9669386657113157,-0.01421234516392289,0.10880911630466694,0.18781447604815915,Bull / Low Volatility
2021-07-23,0.009261775450065096,1.9851560099571843,-0.005082201263384989,0.10287517954815106,0.186598921411259,Bull / Low Volatility
2021-07-26,0.006416909078711749,1.997894575580138,0.0,0.09910758486876015,0.18610640031835607,Bull / Low Volatility
2021-07-27,-0.01686542831619616,1.964199227832374,-0.016865428316196196,0.08109155219762099,0.18969026837769112,Bull / Low Volatility
2021-07-28,-0.006936468864002277,1.9505746210458177,-0.023684910661805003,0.07229759079170806,0.19040588521049057,Bull / Low Volatility
2021-07-29,-0.0006085834487796092,1.9493875336158397,-0.02427907986597,0.07051460673392662,0.1904393760229215,Bull / Low Volatility
2021-07-30,-0.029056255633556214,1.8927456311102302,-0.052629876348393,0.04931438055009818,0.19873495803902388,Bull / Low Volatility
2021-08-02,-0.0009767228917475048,1.8908969431240696,-0.053555194435121245,0.052950168087334326,0.19848288876169093,Bull / Low Volatility
2021-08-03,0.011758312608634355,1.9131307004920333,-0.04242660054447145,0.09844567938952142,0.18932718956674893,Bull / Low Volatility
2021-08-04,-0.003038647851340147,1.9073173699996504,-0.045336328897227385,0.09923658611456676,0.18925072079316707,Bull / Low Volatility
2021-08-05,0.0029862507684352843,1.913013097961462,-0.042485463775799426,0.08936200069333977,0.18806938443660975,Bull / Low Volatility
2021-08-06,-0.006545840326537222,1.9004908196796317,-0.048753201040261485,0.08061958851498074,0.1887442369972308,Bull / Low Volatility
2021-08-09,-0.0005726321476973758,1.8994025375398793,-0.0492979155377401,0.11079095079049361,0.17935460526183009,Bull / Low Volatility
2021-08-10,-0.004549667686914081,1.8907608871903914,-0.053623294091299956,0.10625316193053158,0.17974353903826853,Bull / Low Volatility
2021-08-11,-0.0023654354324145026,1.8862884143936076,-0.05586188708386819,0.1306733434599705,0.17229170730278193,Bull / Low Volatility
2021-08-12,0.013898406437512318,1.9125048174352206,-0.0427398718574139,0.1327232959843765,0.17276535993191372,Bull / Low Volatility
2021-08-13,-0.0002773513459539445,1.9119743816499615,-0.043005369242382296,0.11054957150942113,0.16905165482313358,Bull / Low Volatility
2021-08-16,0.008835064236072717,1.9288667981295642,-0.03455026020606211,0.12026322828936364,0.1696123477668753,Bull / Low Volatility
2021-08-17,-0.010486049124377268,1.9086406061299974,-0.04467401360465861,0.12130652867098357,0.16932939904181787,Bull / Low Volatility
2021-08-18,-0.020502551092840673,1.8695086045849467,-0.06426063345104749,0.09923347401908167,0.1750799417012401,Bull / Low Volatility
2021-08-19,-0.0002212955009994812,1.8690948907416722,-0.06446770836297289,0.08312592803308694,0.17307759731062733,Bull / Low Volatility
2021-08-20,0.007700765009668273,1.8834883512760456,-0.057263394026119574,0.10737098548941315,0.17055538363023146,Bull / Low Volatility
2021-08-23,0.01425519737657991,1.9103378494799748,-0.04382449763383489,0.10849802631072536,0.17085136528151304,Bull / Low Volatility
2021-08-24,0.004385464850176132,1.9187155689708304,-0.03963122357760851,0.11253521710614667,0.17092425450859353,Bull / Low Volatility
2021-08-25,-0.005902726366552681,1.9073899159919512,-0.04530001767581082,0.10541778452862394,0.17159307730744394,Bull / Low Volatility
2021-08-26,-0.0013458369028795088,1.904822880254829,-0.046584888143201164,0.1170330101298569,0.16954668339173834,Bull / Low Volatility
2021-08-27,0.008355643010182136,1.9207389002398652,-0.03861849182801291,0.1310026590482003,0.169610856114646,Bull / Low Volatility
2021-08-30,0.026870124033890504,1.9723493927260287,-0.012786051459542924,0.16389250983978565,0.1765070222528993,Bull / Low Volatility
2021-08-31,0.0005778146545033909,1.9734890451089468,-0.012215624772946021,0.15799730809312318,0.17642578616310106,Bull / Low Volatility
2021-09-01,0.003633104529049585,1.980658937096762,-0.008626900885584154,0.17763523999711017,0.17360405044757837,Bull / Low Volatility
2021-09-02,0.002665316258444293,1.9859380195642389,-0.005984578046330236,0.1646635640091545,0.17211254004643825,Bull / Low Volatility
2021-09-03,0.004262331022899396,1.9944027447945827,-0.0017477552760968296,0.17075974846502961,0.1720045676056111,Bull / Low Volatility
2021-09-07,0.012908354329987095,2.02014720210109,0.0,0.17156732526759244,0.1721693199581956,Bull / Low Volatility
2021-09-08,-0.0042745528631008625,2.0115119760944635,-0.0042745528631007446,0.1619902478823645,0.17268784849187924,Bull / Low Volatility
2021-09-09,-0.008706439968525784,1.9939988678286262,-0.012943776693731812,0.14783108887638208,0.1741036634062714,Bull / Low Volatility
2021-09-10,-0.0216589242529206,1.9508109973899166,-0.03432235266769612,0.11683353438566879,0.18040274145511292,Bull / Low Volatility
2021-09-13,0.000922050411433677,1.9526097434726895,-0.03343194919566095,0.09688882470089433,0.1769468434038061,Bull / Low Volatility
2021-09-14,-0.006546769132263089,1.9398264582767664,-0.03975984707489855,0.0940248985627159,0.17734996627295135,Bull / Low Volatility
2021-09-15,0.006682473233079068,1.9527892966610194,-0.033343067955648786,0.09458226652243673,0.17740791291067495,Bull / Low Volatility
2021-09-16,0.0004915209765561116,1.9537491335631225,-0.03286793579641567,0.07760076475458932,0.17486006502223475,Bull / Low Volatility
2021-09-17,-0.01389158838746411,1.926608454787299,-0.04630293634865035,0.06933668483634214,0.17684473297170855,Bull / Low Volatility
2021-09-20,-0.02523621930566015,1.8779881413061479,-0.07037064459811981,0.03768332154857923,0.1843785451947195,Bull / Low Volatility
2021-09-21,0.0005693985395434766,1.8790574650110874,-0.06984131500083735,0.024357536634117105,0.18249606730762621,Bull / Low Volatility
2021-09-22,0.014452145301083552,1.9062138765245134,-0.056398526532164595,0.04065433240388039,0.1845842805379168,Bull / Low Volatility
2021-09-23,0.008298897883928812,1.9220333508307186,-0.048567674260730165,0.05731870503965375,0.18441888422565705,Bull / Low Volatility
2021-09-24,0.0014916470127235325,1.9249003461368401,-0.047148473074232644,0.06622120618609051,0.1837343718704793,Bull / Low Volatility
2021-09-27,-0.008610051704931917,1.9083268546297607,-0.055352573988186826,0.04397345818242049,0.18324911721461168,Bull / Low Volatility
2021-09-28,-0.024847325061717815,1.8609100369487694,-0.07882453565101732,0.010531380889596154,0.1897232193033869,Bull / Low Volatility
2021-09-29,0.002041912375803633,1.8647098521834722,-0.07694357607007662,0.01069045762998555,0.1897290479575383,Bull / Low Volatility
2021-09-30,-0.007523936146566612,1.85067989432377,-0.08388859366340351,0.002577037990054265,0.19036178967370176,Bull / Low Volatility
2021-10-01,0.004652235221790217,1.8592896925124018,-0.07962662791176067,-0.013325353844017562,0.18589617613235898,Bear / Low Volatility
2021-10-04,-0.02614417313969664,1.8106801008745044,-0.10368902870480201,-0.06492169316714491,0.18436767094366766,Bear / Low Volatility
2021-10-05,0.01242328002622142,1.8331746868055752,-0.09255390651782724,-0.0654100780511303,0.18420792607127545,Bear / Low Volatility
2021-10-06,0.008850994097052173,1.849400105137357,-0.08452210650102343,-0.05555984591016372,0.18525275778406994,Bear / Low Volatility
2021-10-07,0.010398919005826231,1.8686318670400468,-0.0750021260349032,-0.0518035118124347,0.1860594372952736,Bear / Low Volatility
2021-10-08,-0.0033031519302534913,1.8624594920815,-0.07805753454777142,-0.05248352848870441,0.18609324506583522,Bear / Low Volatility
2021-10-11,-0.005499634624756665,1.852216645371642,-0.08312788125280601,-0.05787554223297231,0.18631950271587497,Bear / Low Volatility
2021-10-12,-0.005382633130758528,1.8422468426909222,-0.08806306749584347,-0.07670522403976532,0.18373588413843853,Bear / Low Volatility
2021-10-13,0.0019642397629531776,1.8458654571925106,-0.08627180471171325,-0.06729806424142915,0.18329516165246637,Bear / Low Volatility
2021-10-14,0.014017996672322383,1.87174079302899,-0.07346316591075497,-0.040039222873280544,0.18357072504966768,Bear / Low Volatility
2021-10-15,0.017670128188415617,1.9048146927772986,-0.05709114128110937,-0.0041788813614487275,0.18327676709499457,Bear / Low Volatility
2021-10-18,0.011507095093783216,1.9267335765831226,-0.046240999379060455,-0.01080313100872854,0.18101732593506306,Bear / Low Volatility
2021-10-19,0.008698181944892656,1.9434926557915762,-0.03794503006008065,-0.0004101776886094033,0.18183479713782086,Bear / Low Volatility
2021-10-20,-0.001354088481109508,1.9408609947732478,-0.03924773761307043,-0.013257999038132962,0.18031938175033255,Bear / Low Volatility
2021-10-21,0.0032058771338169083,1.9470831566563083,-0.03616768390382141,-0.01917877139625801,0.17943952373960348,Bear / Low Volatility
2021-10-22,-0.014695114311259033,1.9184705470957168,-0.05033130996574031,-0.039753863619834906,0.18121323265595032,Bear / Low Volatility
2021-10-25,-0.00198733316403846,1.9146579069532426,-0.05221861804829431,-0.025222146601596607,0.1781963715576224,Bear / Low Volatility
2021-10-26,0.009342591727229819,1.9325457740752192,-0.04336388355004983,-0.009242838892742355,0.17872174189283577,Bear / Low Volatility
2021-10-27,6.04587485029605e-06,1.9325574580051117,-0.04335809984781247,-0.008633519667334055,0.17871864686147543,Bear / Low Volatility
2021-10-28,0.0214115837159587,1.9739365738030885,-0.022874881716510087,0.04289585528998674,0.1738926619464202,Bull / Low Volatility
2021-10-29,-0.019476135116101995,1.9354919183810841,-0.04190550254553649,0.023584032656658982,0.17850391096540422,Bull / Low Volatility
2021-11-01,-0.00982193071536623,1.916481650858594,-0.051315840318307826,0.0017515532868188632,0.17815616744310098,Bull / Low Volatility
2021-11-02,0.0036458066287765344,1.9234687723652228,-0.047857121320324936,0.008468125242090618,0.1781806586023067,Bull / Low Volatility
2021-11-03,0.014427939136433376,1.9512204627437386,-0.03411966181754611,0.01997234876383791,0.18036494858123617,Bull / Low Volatility
2021-11-04,0.008835990279080667,1.9684614277848855,-0.025585152538610823,0.03576476529190109,0.18058851027194817,Bull / Low Volatility
2021-11-05,0.007026533996987279,1.9822928889289742,-0.018738393485754234,0.04364022357075226,0.18102324452224622,Bull / Low Volatility
2021-11-08,-0.00676500204016952,1.9688826734911562,-0.02537663025576309,0.04131764456839915,0.1813404215439429,Bull / Low Volatility
2021-11-09,0.011631757395148608,1.9917842390887168,-0.014040047667255862,0.055927727642340885,0.18253331936284956,Bull / Low Volatility
2021-11-10,-0.022119096199242932,1.9477277718961776,-0.03584859070150481,0.01841718469927467,0.18630700707810047,Bull / Low Volatility
2021-11-11,-0.0013250166269696301,1.9451470002136046,-0.03712610734974153,0.017349928368295853,0.18633330326373534,Bull / Low Volatility
2021-11-12,0.014675170252682595,1.9736923636082342,-0.022995769043235748,0.023239326594318044,0.18777585985172746,Bull / Low Volatility
2021-11-15,0.0024271408361484234,1.9784827929419422,-0.020624442177190727,0.03659263382935096,0.18649530999842356,Bull / Low Volatility
2021-11-16,0.0033459470134383916,1.9851026915341257,-0.0173475034544589,0.06183126767412883,0.18154045987216366,Bull / Low Volatility
2021-11-17,0.010698020157140456,2.0063393601421518,-0.006835067238950221,0.07342830483369389,0.18254840813461662,Bull / Low Volatility
2021-11-18,0.033774815224219545,2.0741031013080318,0.0,0.10120304163434057,0.19345080033825934,Bull / Low Volatility
2021-11-19,0.007874528763655617,2.0904356858380693,0.0,0.0942753850619249,0.1921715107974233,Bull / Low Volatility
2021-11-22,-0.009675619489639227,2.070209425574337,-0.009675619489639353,0.07895586977738733,0.19336829508002357,Bull / Low Volatility
2021-11-23,0.00229092222416026,2.074952114356051,-0.007406863357200533,0.08784894842906699,0.19282485027064836,Bull / Low Volatility
2021-11-24,0.0020239153331540125,2.0791516417558564,-0.005397938888365705,0.0915196700481189,0.19274685750885362,Bull / Low Volatility
2021-11-26,-0.027530018184636407,2.021912559249701,-0.032779351717245886,0.05267434266948112,0.2007285514187474,Bull / Low Volatility
2021-11-29,0.01964282062805883,2.061628624976662,-0.01378041001527297,0.045265424361370155,0.19742026828892703,Bull / Low Volatility
2021-11-30,0.012985947395852815,2.088400825850394,-0.0009734142989716865,0.058227726688548254,0.19892282790480365,Bull / Low Volatility
2021-12-01,-0.009178023923001394,2.069233433109923,-0.010142504202250047,0.04471971138200792,0.19987520186927418,Bull / Low Volatility
2021-12-02,-0.0044320145516025845,2.0600625604237175,-0.014529567027638524,0.03732470003053945,0.20010597219411283,Bull / Low Volatility
2021-12-03,-0.012564926277279627,2.0341780262254097,-0.02691193036637507,0.01994345501912309,0.2016985198283173,Bull / Low Volatility
2021-12-06,0.017368219872958737,2.069508077445634,-0.01001112281722527,0.024434296319201687,0.20301622481471265,Bull / Low Volatility
2021-12-07,0.03250362490946031,2.136774591742025,0.0,0.06227286595169623,0.21262518308120756,Bull / Low Volatility
2021-12-08,0.013820784417584763,2.1663064927234643,0.0,0.08641310066663865,0.21319745583323316,Bull / Low Volatility
2021-12-09,-0.006189049071418437,2.1528991155362665,-0.006189049071418373,0.10359184893704909,0.20859047487376564,Bull / Low Volatility
2021-12-10,0.012882695163795511,2.1806342585601253,0.0,0.11677935944429829,0.20978884462467837,Bull / Low Volatility
2021-12-13,-0.018673627468017907,2.139913906771776,-0.01867362746801804,0.10314708701970976,0.21313477103543924,Bull / Low Volatility
2021-12-14,-0.006054291243029462,2.1269582447451705,-0.024614863131792286,0.08918983137707426,0.2134340429064999,Bull / Low Volatility
2021-12-15,0.02717181164171841,2.184751553541186,0.0,0.11823545613390896,0.21953230444691593,Bull / Low Volatility
2021-12-16,-0.03411577748407958,2.1102170556825777,-0.03411577748407968,0.09530146119676886,0.2289577976513568,Bull / Low Volatility
2021-12-17,-0.0014349662803027604,2.1071889653635534,-0.0355017887740664,0.12204593789287577,0.22249795467352954,Bull / Low Volatility
2021-12-20,-0.011643390372966425,2.082654141650218,-0.046731817961397915,0.10835042590777255,0.22413535145907496,Bull / Low Volatility
2021-12-21,0.01942768188307597,2.1231152837866687,-0.028212026971494053,0.11378650104972432,0.22549976901042731,Bull / Low Volatility
2021-12-22,0.010852454188651595,2.1461562951411897,-0.017665742513119476,0.11660720882580122,0.2258559182261235,Bull / Low Volatility
2021-12-23,0.0023304245559149666,2.151157750472218,-0.01537648663735558,0.11754239890364393,0.22585671008186356,Bull / Low Volatility
2021-12-27,0.011173113068754072,2.175192879246971,-0.004375176792400959,0.1398429330749973,0.2255928493535399,Bull / Low Volatility
2021-12-28,-0.001452746618204485,2.1720328751477025,-0.005821567387316096,0.1671885432511635,0.21895563925314665,Bull / Low Volatility
2021-12-29,-0.0028878323888892185,2.165760408261119,-0.008692588065350115,0.16144632674361326,0.2192240097407987,Bull / Low Volatility
2021-12-30,-0.005354396853038646,2.1541640675466898,-0.014000441352206905,0.16398523275350718,0.2188645633628129,Bull / Low Volatility
2021-12-31,-0.006479237546367395,2.1402067268392058,-0.020388966713299372,0.15108836210844023,0.21955226671502348,Bull / Low Volatility
2022-01-03,0.023791992472562102,2.1911265091738907,0.0,0.21011243682174552,0.2159144394545729,Bull / Low Volatility
2022-01-04,-0.014378309197571,2.159621814733994,-0.014378309197570993,0.17807747961940024,0.21786699093687467,Bull / Low Volatility
2022-01-05,-0.02353032542763452,2.1088052106326844,-0.03757030833068764,0.14026445914799046,0.22369711122080554,Bull / Low Volatility
2022-01-06,-0.012698499224663864,2.0820265493004984,-0.049791721024143754,0.11419835336452522,0.22501511511842093,Bull / Low Volatility
2022-01-07,-0.0011359868196585156,2.0796613945823137,-0.0508711451049908,0.11662100755709282,0.2248563816879923,Bull / Low Volatility
2022-01-10,-0.002567215027644665,2.0743224565977294,-0.0533077629644485,0.11991351647826454,0.2245430116265826,Bull / Low Volatility
2022-01-11,0.019669164251094017,2.115122645706283,-0.034687117858960614,0.14812119456086492,0.2268200384798749,Bull / Low Volatility
2022-01-12,0.0011621620622051124,2.1175807610020336,-0.03356526784917846,0.1472021174407765,0.22683046891355801,Bull / Low Volatility
2022-01-13,-0.021087681501879132,2.0729258923595157,-0.053945135673128974,0.1074855557349661,0.23028828032726537,Bull / Low Volatility
2022-01-14,0.005358559326272674,2.084033788732691,-0.04887564455672455,0.09408741786534858,0.22812982378579144,Bull / Low Volatility
2022-01-18,-0.0192811340873167,2.0438512538096374,-0.06721440078773899,0.060785610761096454,0.23094977611986198,Bull / Low Volatility
2022-01-19,-0.019209117524860316,2.004590674871875,-0.0851323889885045,0.03143722663331294,0.2339145359062394,Bull / Low Volatility
2022-01-20,-0.018068079815353445,1.9683715705611768,-0.10166229000474192,0.014174418395761501,0.23685163732698641,Bull / Low Volatility
2022-01-21,-0.03125569250196027,1.9068487540221162,-0.1297404572312688,-0.020663936461390087,0.24503932361475514,Bear / Low Volatility
2022-01-24,0.002122893859222529,1.910896791532496,-0.12789298859199527,-0.0039478091413422955,0.24330205614084863,Bear / Low Volatility
2022-01-25,-0.01921048265834576,1.8741875418568723,-0.14464658521087048,-0.02113712582775218,0.24630891449387451,Bear / Low Volatility
2022-01-26,-0.0033977780223900986,1.8678194686173137,-0.14755288624501728,-0.03349276706725246,0.24561540699626605,Bear / Low Volatility
2022-01-27,0.0002833978881226006,1.8683488047101144,-0.14731130453324282,-0.033224705961019674,0.24561800138394632,Bear / Low Volatility
2022-01-28,0.05492866378335136,1.9709747080340625,-0.10047425386808495,-0.0015004867979723224,0.26602555150379936,Bear / High Volatility
2022-01-31,0.030903475901392176,2.0318846774260466,-0.07267578164981547,0.04980271843531536,0.2699986176292144,Bull / High Volatility
2022-02-01,0.0037046694702295557,2.0394121385575343,-0.06924035192908895,0.06414383755976294,0.26916667188665616,Bull / High Volatility
2022-02-02,0.0026587171060591,2.0448343584966215,-0.06676572533113345,0.06309724799023408,0.2691363818245791,Bull / High Volatility
2022-02-03,-0.04129575743404396,1.960391374835346,-0.10530434156699497,0.004700090157271797,0.28075476844948266,Bull / High Volatility
2022-02-04,0.05105764569752008,2.060484343080163,-0.059623287631613286,0.04674865049239618,0.29817510970648026,Bull / High Volatility
2022-02-07,-0.0016934763659442941,2.0569949615427587,-0.06121579336909344,0.03768467971155709,0.2979565956414656,Bull / High Volatility
2022-02-08,0.019949686919751488,2.098031367021043,-0.04248734236159957,0.06559491597378253,0.2999979022710633,Bull / High Volatility
2022-02-09,0.004246585190025058,2.1069408359524426,-0.038421183290410776,0.05781579882187082,0.299315323274251,Bull / High Volatility
2022-02-10,-0.019426514349946963,2.0660103195683233,-0.057101307971824666,0.06072848032402156,0.2985149492616393,Bull / High Volatility
2022-02-11,-0.026780795348238337,2.0106809200126157,-0.08235288487715275,0.033690985715636224,0.30365585722306115,Bull / High Volatility
2022-02-14,0.005896396680143409,2.0225366923142056,-0.07694207347399928,0.02474769098091678,0.30251976126714314,Bull / High Volatility
2022-02-15,0.01711070658744889,2.0571437242187436,-0.061147900129993826,0.03975820844003164,0.3043070958359315,Bull / High Volatility
2022-02-16,0.0033849873166446887,2.064107129633739,-0.05796989767972871,0.03979866554840927,0.30430843400793267,Bull / High Volatility
2022-02-17,-0.021494073252893646,2.0197410597875716,-0.0782179617054315,0.006679677382430693,0.30685273030883076,Bull / High Volatility
2022-02-18,-0.010980815319093147,1.997562656217655,-0.08833988003240134,-0.03690291241650645,0.29997980008166175,Bear / High Volatility
2022-02-22,-0.01695760043855195,1.9636887868425434,-0.10379944808257424,-0.06063180984432459,0.3012966882635189,Bear / High Volatility
2022-02-23,-0.0299752989980257,1.9048266283178676,-0.13066332758849475,-0.0798869888299285,0.30641471850610286,Bear / High Volatility
2022-02-24,0.028419158539205024,1.9589601982577325,-0.10595751087128724,-0.05590100865258518,0.3120081233997476,Bear / High Volatility
2022-02-25,0.014263535400080643,1.9869018963929306,-0.09320530417842365,-0.04436893563233346,0.31340335529557684,Bear / High Volatility
2022-02-28,0.00033231363973832556,1.987562170993924,-0.09290396393255984,-0.016989057265920482,0.30856343846231227,Bear / High Volatility
2022-03-01,-0.013322529210188588,1.9610828159137914,-0.10498877736951462,-0.048770087805706464,0.3070360372421212,Bear / High Volatility
2022-03-02,0.014777336859979218,1.9900623972948663,-0.09176289503924195,-0.047087909245335124,0.30737917288031696,Bear / High Volatility
2022-03-03,-0.012003811490457896,1.9661740634234899,-0.10266520203583018,-0.049805579224350804,0.3077521063254385,Bear / High Volatility
2022-03-04,-0.017183647720420157,1.9323880209605937,-0.1180846870913208,-0.06197604961902836,0.3094450376815826,Bear / High Volatility
2022-03-07,-0.036399619023709286,1.8620498331916486,-0.15018606849237204,-0.08461805742399031,0.3167056315088085,Crisis
2022-03-08,-0.01121350218695146,1.8411697333149415,-0.1597154588718347,-0.11033459913455623,0.31504638179831324,Crisis
2022-03-09,0.030791952708266714,1.8978629446710673,-0.13384145701992856,-0.11180947583066425,0.31430966582905906,Bear / High Volatility
2022-03-10,0.0037059326147035154,1.904896296855961,-0.13063153182599463,-0.12067091925614815,0.31292905317798236,Bear / High Volatility
2022-03-11,-0.017882993080049845,1.8708310495610734,-0.14617844212636388,-0.1310177815298752,0.3144585359473639,Bear / High Volatility
2022-03-14,-0.02602552684232768,1.8221416858632615,-0.16839959799936233,-0.16439830351632456,0.31657777890264777,Crisis
2022-03-15,0.03338126095277814,1.8829670729719983,-0.14063972797174373,-0.12007344453749536,0.3229252196975116,Bear / High Volatility
2022-03-16,0.03303401329270264,1.9451690322902768,-0.11225160932234168,-0.08546910260416185,0.33022516594388485,Bear / High Volatility
2022-03-17,0.014829220488796292,1.9740143727580879,-0.0990869926984086,-0.09645819015050949,0.3268192903616412,Bear / High Volatility
2022-03-18,0.02281304570463691,2.0190476528654284,-0.07853442308693548,-0.04320380340573948,0.3234731668837306,Bear / High Volatility
2022-03-21,0.005625619421484818,2.0304060465542912,-0.07335060844122376,-0.03643855395570339,0.3236981546725528,Bear / High Volatility
2022-03-22,0.020898404445898265,2.07283829330458,-0.05398511467688294,-0.004713143747363424,0.32563520172672444,Bear / High Volatility
2022-03-23,0.0011440683066388227,2.0752097619007372,-0.05290280902897615,-0.022563787398529822,0.32327607681335274,Bear / High Volatility
2022-03-24,0.014035640443250673,2.1043366599630997,-0.03960969339169418,-0.0194858292812915,0.32377907944472734,Bear / High Volatility
2022-03-25,0.004996067351685642,2.114850067646896,-0.03481151873597321,-0.016878205616186137,0.3239045657323265,Bear / High Volatility
2022-03-28,0.013327808348992318,2.1430363840353475,-0.021947671637031374,-0.014783284516246997,0.3242369571133326,Bear / High Volatility
2022-03-29,0.01210701085949456,2.1689821488091554,-0.010106381476386872,-0.0014045488783581694,0.3251284103918442,Bear / High Volatility
2022-03-30,-0.011156200518331817,2.144784549036358,-0.02114983317645347,-0.00968521686182322,0.32586554746247637,Bear / High Volatility
2022-03-31,-0.018614213882823978,2.104861070708019,-0.03937035954094492,-0.022887298874509576,0.3278328562011938,Bear / High Volatility
2022-04-01,0.00034775686271992714,2.10559305059043,-0.039036293990943105,-0.016173052731169868,0.3275821107340081,Bear / High Volatility
2022-04-04,0.025928756140610305,2.160188459330553,-0.014119700397857149,-0.014119700397856705,0.32824143261404365,Bear / High Volatility
2022-04-05,-0.021578672344813914,2.1135744603636106,-0.035393688354178665,-0.02132195278646709,0.3298339778745799,Bear / High Volatility
2022-04-06,-0.02400342271331455,2.062841439155437,-0.058547541404544656,-0.021796120023554577,0.3299717249840257,Bear / High Volatility
2022-04-07,-0.0013457157626882532,2.060065440914839,-0.05981446881789809,-0.010547948292512266,0.3289950203587152,Bear / High Volatility
2022-04-08,-0.015532113426322318,2.0280682708209032,-0.07441753713000554,-0.024808425013714053,0.3304611612396536,Bear / High Volatility
2022-04-11,-0.02398070661174455,1.979433760629759,-0.09661365861706694,-0.04574442882116092,0.3338459977464071,Bear / High Volatility
2022-04-12,0.006106130651525758,1.9915204417882053,-0.09109746358777882,-0.05843736965749535,0.3316056847322238,Bear / High Volatility
2022-04-13,0.022280225762730713,2.03589196684234,-0.07084690988019593,-0.03857647163409239,0.3347731252617376,Bear / High Volatility
2022-04-14,-0.027882839624261878,1.9791255176385518,-0.09675433647839371,-0.045250230636173505,0.3367493639000696,Bear / High Volatility
2022-04-18,0.0020110233314493626,1.9831055852303898,-0.09493788837502126,-0.048429254865237525,0.33657858616873976,Bear / High Volatility
2022-04-19,0.02238221729198201,2.0274918853519597,-0.07468059152989093,-0.008004187402182339,0.3374766293472837,Bear / High Volatility
2022-04-20,-0.011096456254642862,2.0049939103395085,-0.0849483578675514,0.00020115601288983598,0.3359772905889324,Bull / High Volatility
2022-04-21,-0.017611925247891857,1.9696821074681305,-0.1010641789867488,0.0006657975183923526,0.33587757929173095,Bull / High Volatility
2022-04-22,-0.027349627096619807,1.9158120363299929,-0.12564973847525507,0.004700573282999887,0.3344772490930412,Bull / High Volatility
2022-04-25,0.008763307789931356,1.932600886872008,-0.11798753801730666,0.011358067811765737,0.3348884103924195,Bull / High Volatility
2022-04-26,-0.04061645023327923,1.8541054991295798,-0.15381175328455876,-0.010715065743844843,0.34262962155177235,Crisis
2022-04-27,-0.004307172784669657,1.8461195463838225,-0.15745643227151884,-0.01161778351606746,0.34267172184717315,Crisis
2022-04-28,0.04568848996328366,1.9304659607498016,-0.11896188893372694,0.03324708741916371,0.35462528468928484,Bull / High Volatility
2022-04-29,-0.07679958084357388,1.7822069841314296,-0.1866252465708308,-0.09577379310509693,0.3703612296689768,Crisis
2022-05-02,0.0018034677269128674,1.7854211369099895,-0.18515835145313553,-0.1212979965124159,0.36459618662651705,Crisis
2022-05-03,0.004982342118602457,1.794316715839859,-0.18109853158758915,-0.12017944685326354,0.3646833802380616,Crisis
2022-05-04,0.03007482950755272,1.8482804851512948,-0.15647020954160118,-0.0961221492237806,0.37011791500257507,Crisis
2022-05-05,-0.06349058255901889,1.730932080416573,-0.21002640734369205,-0.11704769637544765,0.3823189637941164,Crisis
2022-05-06,-0.0025122302730580088,1.7265835804435432,-0.21201100291807973,-0.1620496480635616,0.3669856098607562,Crisis
2022-05-09,-0.04041211298811302,1.656808689707238,-0.24385530330154415,-0.1945489800983169,0.3747128700261054,Crisis
2022-05-10,0.01028655357721669,1.67385154106111,-0.23607718036682712,-0.20217992572828802,0.37278499911085583,Crisis
2022-05-11,-0.044452267378551485,1.599445044805861,-0.27003528180173786,-0.24086855334842328,0.3813998297327566,Crisis
2022-05-12,-0.01114321317884981,1.5816220877037344,-0.2781694342696601,-0.23445586272085894,0.3804033760210351,Crisis
2022-05-13,0.04175004190923452,1.647654876149936,-0.248032977899052,-0.18054880824173813,0.38829295079254394,Crisis
2022-05-16,-0.014285508663455085,1.624117288142312,-0.25877520930790765,-0.196989951127175,0.388541419664443,Crisis
2022-05-17,0.03157077537562541,1.6753919302299227,-0.2353741679381227,-0.18557371052613325,0.39266486666281913,Crisis
2022-05-18,-0.0623999087599655,1.570847626646393,-0.2830867500942966,-0.23896991387015398,0.4100112992440059,Crisis
2022-05-19,-0.014250351031335807,1.5484624965499414,-0.2933030155644686,-0.23333613036871026,0.4090092956642536,Crisis
2022-05-20,0.0020601274166144887,1.5516525265926833,-0.2918471297315941,-0.22322710541119795,0.4089203931416486,Crisis
2022-05-23,0.024038151628699597,1.588951385301973,-0.2748244436597833,-0.19083339684549439,0.4117166845512399,Crisis
2022-05-24,-0.02423413425806531,1.550444524101026,-0.29239844545279936,-0.18604428295387265,0.41034677282977194,Crisis
2022-05-25,0.010596652263693584,1.5668740455770724,-0.28490023783801377,-0.2001501373174268,0.4063413838912553,Crisis
2022-05-26,0.02988127279525682,1.6136942363687687,-0.26353214676902814,-0.1878339643752377,0.4102531074263486,Crisis
2022-05-27,0.03912820135871297,1.6768351893808002,-0.23471548431358769,-0.15633572934110385,0.4187692446638336,Crisis
2022-05-31,0.014077347798479934,1.7004405815424437,-0.22394230802147885,-0.13290730623729308,0.41943574170114906,Crisis
2022-06-01,0.004371684612753965,1.7078743714676752,-0.22054962855084692,-0.14179858189912797,0.41826740739716106,Crisis
2022-06-02,0.022712731054323414,1.746664862741392,-0.2028461818939299,-0.11164281167451084,0.4206750939550178,Crisis
2022-06-03,-0.03311944857704625,1.688816285638495,-0.22924747678069002,-0.12604701161468512,0.42427759834820206,Crisis
2022-06-06,0.011259823882709756,1.7078320595850365,-0.22056893911208642,-0.08282150716786929,0.4191477176749566,Crisis
2022-06-07,0.004384803166156894,1.7153205670071692,-0.21715128732850397,-0.06835283245786727,0.4187672426525333,Crisis
2022-06-08,-0.009000754797565708,1.6998813871843164,-0.2241975166348501,-0.10431815323791138,0.4141114158529004,Crisis
2022-06-09,-0.038195415151536904,1.6349537118924409,-0.25382961456257536,-0.14170985864640528,0.4204393979304288,Crisis
2022-06-10,-0.045596375565884834,1.5604057484121556,-0.2878522796931212,-0.1659290940364434,0.4282559164671188,Crisis
2022-06-13,-0.044746744118238,1.4905826716673292,-0.3197185715080797,-0.18196115964431836,0.4340314973072413,Crisis
2022-06-14,-0.0011155909104499674,1.488919791187543,-0.32047748728625314,-0.20926934275197218,0.4277785373538073,Crisis
2022-06-15,0.03266105687619897,1.5375494851716174,-0.2982835638498519,-0.20955482035343787,0.42765020995277986,Crisis
2022-06-16,-0.03869707859370215,1.4780508119022249,-0.3254379399300469,-0.25124617515469383,0.4317742084024307,Crisis
2022-06-17,0.016756432286441317,1.502817670247784,-0.3141346864474823,-0.2556799399385207,0.4304010645078114,Crisis
2022-06-21,0.028920974627108874,1.546280621958191,-0.2942987931166159,-0.23843773781982525,0.4350829112122597,Crisis
2022-06-22,-0.001317187326424977,1.5442438807198513,-0.2952283338025654,-0.2550099611205212,0.432187169325233,Crisis
2022-06-23,0.02574913012357051,1.5840068173470343,-0.2770810764622421,-0.23670038256942116,0.4362278320762396,Crisis
2022-06-24,0.02902977211228317,1.6299901742789218,-0.25609490485628383,-0.22541378226642472,0.43975032963255345,Crisis
2022-06-27,-0.011247024999389161,1.6116576340400481,-0.2644616240585381,-0.23793291132299033,0.4396501700938798,Crisis
2022-06-28,-0.03838121149166611,1.5498002615357989,-0.292692478025784,-0.2768203689488846,0.4435503698002579,Crisis
2022-06-29,0.013466415201045108,1.5706705153363283,-0.2831675812600569,-0.2758490353649612,0.4437685404693085,Crisis
2022-06-30,-0.02071674896361079,1.5381313285655605,-0.2980180185280702,-0.2828504246467852,0.4447429493955018,Crisis
2022-07-01,0.022296619982142725,1.5724264582812153,-0.2823661930528789,-0.25295475308862403,0.4471252945928744,Crisis
2022-07-05,0.025804421096408958,1.6130020127538387,-0.2638480681053963,-0.23394408416121204,0.45106437194730764,Crisis
2022-07-06,0.008672136707613748,1.626990186718096,-0.2574640579144324,-0.24682951633659556,0.4477468396336481,Crisis
2022-07-07,0.021351046778970886,1.6617281303036406,-0.2416101382798963,-0.21378301949307021,0.4491624814909328,Crisis
2022-07-08,4.8790564341280615e-05,1.6618092069569002,-0.24157313601055208,-0.19440768669196618,0.4472525059976135,Crisis
2022-07-11,-0.02202531873024246,1.6252073295048228,-0.258277729423498,-0.2110894648166628,0.44884552567680835,Crisis
2022-07-12,-0.004905617974235518,1.6172346832173448,-0.26191633552592886,-0.20257384503001175,0.4481766960106344,Crisis
2022-07-13,0.0026821534320883517,1.6215723547734286,-0.2599366818920913,-0.18078978593478012,0.4463177957977623,Crisis
2022-07-14,0.01322626033211754,1.643019692885027,-0.2501484117845454,-0.1749923031622288,0.4471195346287659,Crisis
2022-07-15,0.01727912699179872,1.6714096388084134,-0.23719163096676854,-0.1790283246705061,0.4460967206017882,Crisis
2022-07-18,-0.011791686829354478,1.6517008997840201,-0.2461864283652191,-0.16543903604719634,0.4435630372855357,Crisis
2022-07-19,0.03166729324356632,1.7040057965281432,-0.22231519294128033,-0.14073874370628692,0.4487182836081773,Crisis
2022-07-20,0.023582568069190867,1.7441906292150637,-0.20397538804244264,-0.1397299087526146,0.4489897954814932,Crisis
2022-07-21,0.015116885378749917,1.7705573590355976,-0.19194197522481626,-0.11692631588302993,0.44988810615664093,Crisis
2022-07-22,-0.012033900712185807,1.7492506475717333,-0.2016660652646458,-0.11191220098950005,0.44921755470475105,Crisis
2022-07-25,-0.00863779701340079,1.7341409755524486,-0.2085619117417995,-0.09482718415610336,0.4463880900463354,Crisis
2022-07-26,-0.02639940741704763,1.6883606814202432,-0.22945540827909694,-0.12637901964697795,0.4487362507278518,Crisis
2022-07-27,0.04188406804667885,1.7590760950881856,-0.19718186616645828,-0.051253504229401115,0.45002174631342334,Crisis
2022-07-28,0.00646284275411924,1.7704447272832708,-0.19199337880733658,-0.04099128859167467,0.4501604862354047,Crisis
2022-07-29,0.06112781831596094,1.8786681509110936,-0.14260169686897795,-0.026831765434801147,0.45756442705052097,Bear / High Volatility
2022-08-01,-0.0024201935089674356,1.8741214104467547,-0.1446767666768154,0.05157337342616297,0.4301974265313851,Bull / High Volatility
2022-08-02,-0.009205801916069295,1.8568686199755173,-0.15255070293700068,0.04001715986693344,0.43069394895094354,Crisis
2022-08-03,0.038933405785348575,1.9291628394471043,-0.11955661557193853,0.07515179589915921,0.43727616483113135,Bull / High Volatility
2022-08-04,0.007653024801339926,1.9439267705032166,-0.11281856051473471,0.05174879360590845,0.4336104071771689,Bull / High Volatility
2022-08-05,-0.005891942554169523,1.9324732656418995,-0.11804578259130738,0.11643506264949677,0.4135366912493378,Bull / High Volatility
2022-08-08,-0.005730446290898614,1.9213993313845412,-0.12309977386519932,0.11283308444932216,0.41373214874569936,Bull / High Volatility
2022-08-09,-0.0043981085822378954,1.9129488084952728,-0.12695647627552908,0.15459848827404188,0.40488994236130227,Bull / High Volatility
2022-08-10,0.029831969718626276,1.9700158394235858,-0.10091186831273802,0.17693582202321712,0.40826995152711226,Bull / High Volatility
2022-08-11,-0.008438601067486215,1.9533916616580613,-0.10849891438055825,0.2212933904804233,0.39749841028148936,Bull / High Volatility
2022-08-12,0.02113108258858863,1.9946689421884183,-0.08966053131251739,0.26115394928782476,0.3979108188388584,Bull / High Volatility
2022-08-15,0.0027626199874086045,2.0001794544763714,-0.08714560930099435,0.21395535159048307,0.3904470481242293,Bull / High Volatility
2022-08-16,0.0038985935348609876,2.007977341166155,-0.08358676107514562,0.23634995811349713,0.3887931442028162,Bull / High Volatility
2022-08-17,-0.002174073944269118,2.0036118499480424,-0.08557911122007555,0.19590635110262067,0.3847873423643634,Bull / High Volatility
2022-08-18,-0.000830894204613337,2.001947060473626,-0.08633889823714014,0.27443746071513564,0.3611437732441566,Bull / High Volatility
2022-08-19,-0.020445063785044196,1.9610171251279611,-0.10501875774059555,0.26642855703461565,0.3626333626205457,Bull / High Volatility
2022-08-22,-0.028216111585140608,1.905684847104979,-0.13027164833879468,0.2281646918010214,0.36830715470214265,Bull / High Volatility
2022-08-23,-7.048134723162318e-05,1.905550531869556,-0.13033294796474526,0.19925036693769815,0.3660004506212962,Bull / High Volatility
2022-08-24,0.0016195093259670703,1.9086365887270202,-0.12892451406348793,0.23102539888273688,0.361766312043354,Bull / High Volatility
2022-08-25,0.019250237824659608,1.9453782969808622,-0.11215610379597929,0.2415664823041901,0.36286278191388716,Bull / High Volatility
2022-08-26,-0.04157668144541174,1.8644959232364713,-0.14906970664170704,0.15542082335998897,0.3699790988539594,Bull / High Volatility
2022-08-29,-0.011211447009970949,1.8435922259927988,-0.15860986653487252,0.09944748158200101,0.3633977878406493,Crisis
2022-08-30,-0.012507075342510186,1.820534279121441,-0.16913319632656554,0.07062504793320135,0.3636260532089116,Crisis
2022-08-31,-0.012442527004103629,1.7978822321915762,-0.17947127896808546,0.05270168709572709,0.3646103141984673,Crisis
2022-09-01,0.006122515606203674,1.8088897942162854,-0.17444757906822916,0.03562499756091242,0.36210983323850304,Crisis
2022-09-02,-0.009127280468711358,1.7923795497274837,-0.18198262755569716,0.061322989936607675,0.35610153177663334,Crisis
2022-09-06,-0.009330779429250449,1.7756552514954773,-0.18961536722727002,0.03971303356778577,0.3561167465702783,Crisis
2022-09-07,0.01629192473710485,1.8045840932118868,-0.1764126417820302,0.0520389762249871,0.35738895792771774,Crisis
2022-09-08,-0.00463425411664298,1.7962211919490911,-0.180229354887267,0.056674427693071516,0.3569960850239304,Crisis
2022-09-09,0.02201123082167715,1.8357582312118705,-0.1621851939968555,0.12281969688732164,0.35028804090788285,Crisis
2022-09-12,0.03247609694015448,1.8953764934873938,-0.13497623913920065,0.21466900222336371,0.3417968489064037,Bull / High Volatility
2022-09-13,-0.06353761546882947,1.7749487906755335,-0.1899377862281748,0.19077514076432922,0.35437212385140093,Crisis
2022-09-14,0.011211522749234894,1.7948486694209191,-0.1808557552901764,0.20547035511521483,0.3546448028579782,Crisis
2022-09-15,-0.01841330580953706,1.7617995719890311,-0.19593890877014064,0.14584902078282247,0.3521112615795734,Crisis
2022-09-16,-0.01535841965020222,1.7347411148228769,-0.20828801643364836,0.17366811807389504,0.34403931885944417,Crisis
2022-09-19,0.018645718414876496,1.7670866091725732,-0.19352597772238678,0.17584896967655173,0.3443719495987238,Crisis
2022-09-20,0.0014668627346482303,1.7696786826684643,-0.19234299103264596,0.14447446183950996,0.34026280880254056,Crisis
2022-09-21,-0.02402932648304827,1.727154495832533,-0.21175044498744466,0.11844671518297845,0.3442716648225837,Crisis
2022-09-22,-0.007932891961162026,1.7134531658168584,-0.21800354354579332,0.08172082787284074,0.3414103729073302,Crisis
2022-09-23,-0.020937037552932927,1.677578532538959,-0.23437623272083552,0.02919548780782555,0.33964045204977217,Crisis
2022-09-26,0.006023362566538482,1.6876831962742826,-0.22976460318095404,0.04717227817402736,0.33893059180972973,Crisis
2022-09-27,0.0015373525232391908,1.6902777602945032,-0.22858047985016616,0.0906423248499757,0.32936745831172815,Crisis
2022-09-28,0.004288524942289586,1.6975265586289234,-0.2252722279970346,0.08076553424410071,0.3285327729001981,Crisis
2022-09-29,-0.04047528827368044,1.6288186818161892,-0.25662955790248076,0.05895943445557528,0.33623627227838376,Crisis
2022-09-30,-0.024297968195887917,1.5892416972885512,-0.2746919492623294,0.010693815865777001,0.33722696440884137,Crisis
2022-10-03,0.02863948524747622,1.634756761432721,-0.2539195000433522,0.013487118123145292,0.33814177749660945,Crisis
2022-10-04,0.03333425800386379,1.68925016509188,-0.22904946016614558,0.03826696613295,0.3441277587517822,Crisis
2022-10-05,0.0007591334211160013,1.6905325313488273,-0.22846420584533011,0.017334003390749197,0.34159117839227915,Crisis
2022-10-06,-0.0061221490219417595,1.6801828392654694,-0.23318766295290716,0.011056403004419124,0.34184721802445445,Crisis
2022-10-07,-0.041147537788642455,1.611047452394965,-0.2647401025683497,-0.008712658903754389,0.34901071421290264,Crisis
2022-10-10,-0.0016942556871216538,1.608317926086522,-0.2659858208310857,-0.0055135826750162265,0.34888261566783596,Crisis
2022-10-11,-0.011284609194001219,1.590168686830929,-0.27426888398586247,-0.01936618359955189,0.34958816183974684,Crisis
2022-10-12,-0.0003357789728537859,1.5896347416226007,-0.2745125692345658,-0.032491972855593354,0.3485420508684756,Crisis
2022-10-13,0.018873712249728482,1.619637050318157,-0.26081992822550426,-0.030975403807750435,0.34888311781877607,Crisis
2022-10-14,-0.03919393649292112,1.556157098626405,-0.2897913050154667,-0.05784570388628407,0.3567791282937549,Crisis
2022-10-17,0.042776110995445406,1.6227234474035985,-0.2594113390488778,-0.04770074684614023,0.361534987932552,Crisis
2022-10-18,0.014607054090346485,1.6464266565734964,-0.24859352041966742,-0.05605119704465111,0.35954303951555966,Crisis
2022-10-19,-0.003946824180911831,1.6399285000332342,-0.251559189682969,-0.07377838302483186,0.3581613500422502,Crisis
2022-10-20,-0.001359921856692598,1.6376983254226258,-0.2525770106993599,-0.06377149112619263,0.35745610857100063,Crisis
2022-10-21,0.03032753469464203,1.6873656782062378,-0.22990951405977156,-0.02697318038477714,0.36244186272248036,Crisis
2022-10-24,0.010580919801829432,1.7052195591236976,-0.22176124838788613,0.009985353182516032,0.3590982389211339,Crisis
2022-10-25,0.014266921104164021,1.7295477920389926,-0.21065817751843308,-0.01678625679221324,0.35027324226636214,Crisis
2022-10-26,-0.02799610837654463,1.6811271846106555,-0.23275667672676636,-0.050449212729546056,0.3544328252857895,Crisis
2022-10-27,-0.034401921093570056,1.623293179857424,-0.2591513209935806,-0.13593405036957718,0.3379491616208451,Crisis
2022-10-28,0.020335036216258276,1.6563029054594296,-0.24408613627521802,-0.1162243298503276,0.3409107348073166,Crisis
2022-10-31,-0.013292501293070079,1.6342864969468944,-0.25413412228622934,-0.11986961308633581,0.34137261130052365,Crisis
2022-11-01,-0.0326821071345438,1.5808745705651377,-0.27851059080967133,-0.18053855369813454,0.3366590998151448,Crisis
2022-11-02,-0.041580351053136205,1.5151412509500635,-0.30851037372492496,-0.22057699192143754,0.3446716466073548,Crisis
2022-11-03,-0.037830088361529006,1.4578233235464249,-0.33466948738799174,-0.24561785693724036,0.3513462664485159,Crisis
2022-11-04,0.0061670923886364215,1.4668138546690446,-0.3305663326477347,-0.23659083736014774,0.35194375226178753,Crisis
2022-11-07,0.00040030959011712233,1.4674010343219852,-0.3302983519307464,-0.23291149883083184,0.3520542912576833,Crisis
2022-11-08,0.000140027351196588,1.4676065106019647,-0.3302045753828752,-0.25502806564673264,0.34541773750782484,Crisis
2022-11-09,-0.03690124501033854,1.4134500031754735,-0.3549208604534754,-0.2764123903468899,0.3514001226710377,Crisis
2022-11-10,0.10173103715825688,1.557241737969856,-0.28929629053825157,-0.21929814766085742,0.4080554042662191,Crisis
2022-11-11,0.02868517343102414,1.6019114872975506,-0.26890963137426915,-0.1991161174501137,0.4129622296248065,Crisis
2022-11-14,-0.014839030377187142,1.5781406740759771,-0.2797583035627753,-0.21406450076799421,0.4133554889864013,Crisis
2022-11-15,0.008962250674740178,1.5922843663970496,-0.27330331693290477,-0.20529299802337486,0.4140984832549443,Crisis
2022-11-16,-0.012321176650114271,1.5726655494414563,-0.2822570751360265,-0.21443199948085,0.41445653019222023,Crisis
2022-11-17,-0.0013502489673201147,1.570542059407383,-0.28322620677912547,-0.19911864140151192,0.413038782641395,Crisis
2022-11-18,-0.0005601765245802416,1.5696622786148369,-0.28362772663152225,-0.17632641042437347,0.40991917656762505,Crisis
2022-11-21,-0.020212654745234985,1.5379352369105763,-0.29810751206217834,-0.19291815609755003,0.41136112778825634,Crisis
2022-11-22,0.01210713825832065,1.556555231456196,-0.28960960266823843,-0.18446746717019014,0.4123804508337263,Crisis
2022-11-23,0.007474397484003897,1.5681895439619051,-0.28429986246976147,-0.19388966845386157,0.4104774516353379,Crisis
2022-11-25,-0.01501862695291263,1.544637490209683,-0.2950486958454763,-0.17155222976919382,0.40373748306721113,Crisis
2022-11-28,-0.01389897964557368,1.5231686051734687,-0.3048467996730406,-0.17380395528993797,0.40400433488059834,Crisis
2022-11-29,-0.01923430601416673,1.4938715141103907,-0.31821758905485675,-0.1794323615640414,0.40489043985577516,Crisis
2022-11-30,0.04700903950992952,1.5640969791399644,-0.28616765276156153,-0.13003368566951834,0.41644017666003263,Crisis
2022-12-01,-0.00318656623972607,1.5591128805105796,-0.28844232682009585,-0.13808299129352075,0.4161297536952931,Crisis
2022-12-02,-0.007727677805374278,1.547064558507785,-0.2939410152583719,-0.13686553791410772,0.4160420155617335,Crisis
2022-12-05,-0.017904525311667984,1.5193651019611978,-0.306582666222209,-0.1443355343434084,0.4170083852756352,Crisis
2022-12-06,-0.027294012543758787,1.4778955318097196,-0.32550880762839984,-0.18103260614511507,0.41828940793014047,Crisis
2022-12-07,-0.007529838016831144,1.4667672178493938,-0.33058761705073725,-0.183415035729651,0.4183803388236546,Crisis
2022-12-08,0.01574145116842543,1.4898562623846174,-0.32005009471300205,-0.18842457734693452,0.41705044511727135,Crisis
2022-12-09,-0.007565834878932748,1.4785842559100717,-0.32519448342234936,-0.21989944425787766,0.4108599948332423,Crisis
2022-12-12,0.016389375290678368,1.5028173281790702,-0.3141348425629382,-0.15331792326971427,0.3942349685835333,Crisis
2022-12-13,0.01249968833948301,1.5216020764124831,-0.30556174185206453,-0.15223934901241298,0.39442330813655035,Crisis
2022-12-14,-0.013291609231131242,1.5013775362075306,-0.31479194381451425,-0.14781592635278618,0.39370622292848445,Crisis
2022-12-15,-0.041843282116990836,1.4385549723958861,-0.3434632978183185,-0.17073795040433615,0.40079328002739933,Crisis
2022-12-16,-0.011427733059306236,1.4221155501802083,-0.35096602399448795,-0.1952202326709359,0.39880425597709307,Crisis
2022-12-19,-0.022937049015391876,1.389496416100174,-0.3658529481147811,-0.21483124043457513,0.400642056257976,Crisis
2022-12-20,0.0009398371892297271,1.3908023165063264,-0.3652569531319789,-0.19474353923623777,0.3985543303489315,Crisis
2022-12-21,0.021720441985297545,1.4210111575350193,-0.3514700536069112,-0.17067405991363782,0.4015024315687188,Crisis
2022-12-22,-0.02795598760739053,1.3812853872250066,-0.369600348751298,-0.1766195379631631,0.4030438573861722,Crisis
2022-12-23,0.005151794722792199,1.3884014859935823,-0.3663526591547449,-0.17733287322015967,0.40297035781246854,Crisis
2022-12-27,-0.018671299921453263,1.3624782254372048,-0.37818367870009795,-0.19393234801846104,0.4041154276576672,Crisis
2022-12-28,-0.024368300376519058,1.3292769467832843,-0.3933362855965561,-0.21693304883728648,0.4060450343161011,Crisis
2022-12-29,0.028531671092550937,1.3672034394198154,-0.37602715603341175,-0.16061655316027157,0.4039931688024325,Crisis
2022-12-30,0.0006304579795507906,1.368065403737867,-0.37563376737490994,-0.13917096054554856,0.40158572641755097,Crisis
2023-01-03,-0.013780268991620328,1.3492130944762295,-0.38423770200976826,-0.17467043030073626,0.3973421548069716,Crisis
2023-01-04,0.0027568622933701525,1.3529326891821125,-0.38254013014876,-0.19909275894105083,0.39070986814063274,Crisis
2023-01-05,-0.015983667760276852,1.3313078625762078,-0.39240940356376586,-0.2124920178176074,0.391450309868155,Crisis
2023-01-06,0.03631292512028969,1.3796515453019904,-0.3703460117315849,-0.17886820823313687,0.3994099324122868,Crisis
2023-01-09,0.008470969964565502,1.39133853210381,-0.3650122317088942,-0.13637644252162673,0.39232051766137166,Crisis
2023-01-10,0.014385892944196964,1.4113541792757915,-0.3558773656533838,-0.12246567896559912,0.39369201321128394,Crisis
2023-01-11,0.03644904060363525,1.4627966850623253,-0.33239971360036347,-0.08009967925003292,0.40052071410716483,Crisis
2023-01-12,0.00045622068134996437,1.4634640431626609,-0.33209514054283285,-0.07937087379655094,0.40052931229065253,Crisis
2023-01-13,0.018514302987458882,1.490559059869026,-0.3197293476080467,-0.0796956271306436,0.4004574547455029,Crisis
2023-01-17,-0.004045775816604409,1.4845285920713873,-0.32248157016223966,-0.04602909733101124,0.3929345046656412,Crisis
2023-01-18,-0.005695764845180484,1.4760730663050017,-0.3263405558168716,-0.09037299691037415,0.38309636610335746,Crisis
2023-01-19,-0.007599035023016609,1.4648563353776185,-0.33145971752680503,-0.11028145133033629,0.3819400143343795,Crisis
2023-01-20,0.027089675544223396,1.5045388182218982,-0.31334917818636276,-0.08255828336942284,0.38617653284709375,Crisis
2023-01-23,0.014773822321218572,1.5267666073976847,-0.3032047209481694,-0.06773635675319778,0.38747494772767216,Crisis
2023-01-24,0.0007554638202815133,1.5279200243315876,-0.30267831732470274,-0.09449383493692376,0.38229075305650184,Crisis
2023-01-25,0.000896529099542958,1.5292898490951752,-0.3020531481444422,-0.10317129491461652,0.38155805472445603,Crisis
2023-01-26,0.017365089457116397,1.5558461041305731,-0.28993323862565756,-0.10043185201817406,0.3821265618998505,Crisis
2023-01-27,0.020644628023522675,1.5879659682121956,-0.27527417446521685,-0.05541592406051987,0.38074599581334845,Crisis
2023-01-30,-0.018589846748836136,1.5584459242207638,-0.28874671649683215,-0.039947962845722995,0.37633251444255933,Crisis
2023-01-31,0.016014097264248003,1.583403028832306,-0.2773566372352967,-0.04401361392703884,0.37546424399345535,Crisis
2023-02-01,0.01252655242894954,1.6032376098891312,-0.26830440726419225,-0.018998435779630785,0.3754239404761212,Crisis
2023-02-02,0.05185901231532965,1.6863799288447714,-0.2303593965094336,0.06673860168546875,0.38352945930183113,Crisis
2023-02-03,-0.020300401908722832,1.652145738518419,-0.24598341008556412,0.09042357435813142,0.3761477419116545,Crisis
2023-02-06,-0.015536348235668143,1.6264774269887217,-0.2576980744019458,0.1156889869425426,0.36921685149131184,Crisis
2023-02-07,0.011555754998579767,1.645272601645724,-0.24912021521476058,0.12166420872602401,0.36962113743978287,Crisis
2023-02-08,-0.018613840241902182,1.6146477602843117,-0.26309697156962697,0.10034525158309027,0.371922531877935,Crisis
2023-02-09,-0.01116559441785768,1.5966192582652747,-0.27132493191037155,0.08790690606189333,0.37281184543595813,Crisis
2023-02-10,-0.0008950787526783115,1.5951901582910843,-0.27197715348142504,0.1285791182619198,0.36456022026457774,Crisis
2023-02-13,0.019169747181096774,1.625769550331298,-0.25802113957160155,0.04400589239971153,0.3055381731024727,Crisis
2023-02-14,-0.002032085367923193,1.6224658478164549,-0.2595289039571864,0.01283114621618675,0.30030156971113847,Crisis
2023-02-15,0.014182962974825162,1.6454772208639539,-0.249026829818083,0.042668279130061215,0.299933761116856,Crisis
2023-02-16,-0.017725603427903372,1.6163101441972707,-0.26233828241772317,0.015088873763538402,0.3017394887460309,Crisis
2023-02-17,-0.008341759609310221,1.6028272735202875,-0.26849167913878536,0.019178727536534046,0.3011612177604811,Crisis
2023-02-21,-0.026782312056407583,1.5598998533083464,-0.2880831632599491,-0.006776135688497886,0.30604432978327917,Crisis
2023-02-22,0.006581440307363652,1.5701662410783606,-0.2833977250951373,0.00032106426356071083,0.3063173657534067,Crisis
2023-02-23,0.0021750468724469865,1.5735814262502401,-0.28183908155831705,0.02317795215568985,0.3035169984540161,Crisis
2023-02-24,-0.02032625641341216,1.5415964066928949,-0.2964366045326542,-0.009610211357104936,0.3054198302148254,Crisis
2023-02-27,0.006211222456844416,1.5511716049135365,-0.29206661577091375,-0.010851965640183425,0.30530507879198354,Crisis
2023-02-28,-0.000307014065069001,1.5506953734134923,-0.29228396127700396,0.003921880209567075,0.3037760501144676,Crisis
2023-03-01,-0.01734605254860054,1.52379692997939,-0.30456004087418054,0.0004125116574658083,0.30450558037995373,Crisis
2023-03-02,0.0023123265016541865,1.5273204460037209,-0.3029519566263845,0.022390768936543237,0.30195867499630547,Crisis
2023-03-03,0.0330955173904611,1.5778679063852437,-0.2798827909849262,0.008804394758725742,0.2944423352838737,Crisis
2023-03-06,0.006402563488290428,1.5879703058320112,-0.2752721948351967,0.018508874939177966,0.29460432764223715,Crisis
2023-03-07,-0.009692134621893073,1.5725794838523186,-0.282296354287083,0.016492476157002667,0.29485232908928843,Crisis
2023-03-08,0.006645600738812443,1.583030219232049,-0.27752678240888484,0.04190244806114829,0.2927284964689529,Crisis
2023-03-09,-0.01603411125444038,1.557647736577741,-0.2891109983580944,0.05396335738992564,0.28917800523713616,Crisis
2023-03-10,-0.014891521825284448,1.5344519913123886,-0.29969721744139943,0.04614554555032613,0.29043240761117883,Crisis
2023-03-13,0.015395246065217642,1.558075257293906,-0.2889158837837532,0.04578897752196487,0.2903612216825386,Crisis
2023-03-14,0.01893794590703475,1.5875820022356273,-0.2754494112554984,0.07371764300199879,0.29206316452868253,Crisis
2023-03-15,0.00706306230388979,1.5987951928299518,-0.27033186530487585,0.0638652901129213,0.2906965620587677,Crisis
2023-03-16,0.02709931104356712,1.6421214410554104,-0.2505583615641933,0.07920557319892563,0.2944560608039896,Crisis
2023-03-17,-0.007635867384982634,1.6295824195014745,-0.2562809985280733,0.08539150227183256,0.2935265198695862,Crisis
2023-03-20,0.004286489388802526,1.6365676072508468,-0.253093054920013,0.13764690168577554,0.28004988655945007,Crisis
2023-03-21,0.018913927157582222,1.667521527762848,-0.23896611136727786,0.17256402094157708,0.28062223382131773,Crisis
2023-03-22,-0.013027570925785811,1.6457977727896427,-0.24888053432836732,0.18445629202039626,0.2776289441788579,Crisis
2023-03-23,0.0042583737818863605,1.6528061948755772,-0.2456819868886866,0.18838326285463713,0.27761595307136255,Crisis
2023-03-24,0.002730745364072526,1.6573195877299443,-0.24362213647134645,0.1662959709653804,0.27496667815418147,Crisis
2023-03-27,-0.007859653105537327,1.6442936306853746,-0.24956700409538912,0.1904083297288408,0.2687597205023215,Crisis
2023-03-28,-0.005620437427055976,1.6350519812224007,-0.2537847657920692,0.17765069953977153,0.2692576408374507,Crisis
2023-03-29,0.02416075297210262,1.674556068237262,-0.23575564385435177,0.2290516185680067,0.26904120057897213,Crisis
2023-03-30,0.012871474502422531,1.6961100739724548,-0.22591869211060267,0.27596440912999287,0.26366346080378456,Crisis
2023-03-31,0.014457653533710375,1.7206318457769845,-0.21472729275421643,0.2585046205758159,0.2598178178912162,Crisis
2023-04-03,0.0012034569900893223,1.7227025521991552,-0.21378225082555502,0.2592252881275554,0.25979204930739125,Crisis
2023-04-04,0.003994202276618548,1.7295833746550857,-0.21064193810188458,0.28192009233835447,0.2573247776389098,Crisis
2023-04-05,-0.017748494011438617,1.6988858744877362,-0.22465185493636397,0.25570613236846507,0.2609945899285887,Crisis
2023-04-06,0.007081854969488959,1.7109171378605716,-0.2191609518221611,0.28514011368473713,0.2579644642451122,Crisis
2023-04-10,-0.009195224928776372,1.6951848699434455,-0.22634094250332792,0.2287050855093915,0.2508382939329636,Crisis
2023-04-11,-0.01338667914038287,1.672491974005881,-0.23669766807008685,0.20207407141736167,0.25284232110270755,Crisis
2023-04-12,-0.010946842578446588,1.6541834676527232,-0.24505341853748486,0.17205411082676192,0.2533016621247787,Crisis
2023-04-13,0.039072790100851115,1.718817031072616,-0.21555554922264486,0.1750211417790999,0.25477481596253493,Crisis
2023-04-14,-0.0008483289862605189,1.717358908763079,-0.21622101618835055,0.17348896734881913,0.25483463925724154,Crisis
2023-04-17,0.0009652882431406798,1.7190166551269608,-0.21546444355005645,0.15326973711327474,0.2528083136138726,Crisis
2023-04-18,0.0028104932512567037,1.723847939834993,-0.21325951166328283,0.16120898515648063,0.25247057076328633,Crisis
2023-04-19,0.011943530605603221,1.7444367704638184,-0.20386305256216608,0.18180922766283003,0.25260832261952765,Crisis
2023-04-20,-0.005388790928945152,1.7350363654190246,-0.20815326812271717,0.18444131585897594,0.25227771963116286,Crisis
2023-04-21,0.006215720354248937,1.7458208662709218,-0.203231370273942,0.16036944020771582,0.24752307542918203,Bull / Low Volatility
2023-04-24,-0.0017509278963692735,1.7427640598141043,-0.20462645469468133,0.14147378608481564,0.2463916276331987,Bull / Low Volatility
2023-04-25,-0.01952103104249024,1.708743508502737,-0.220152966362962,0.11834617080187426,0.25018951754172775,Crisis
2023-04-26,0.009361129370729856,1.724739277547226,-0.21285271739170575,0.12780404484322627,0.25062414921108417,Crisis
2023-04-27,0.03557734168283618,1.7861009161383317,-0.1848481095636344,0.1479933082047531,0.2576997275563246,Crisis
2023-04-28,-0.011851290977245795,1.764933314466451,-0.1945087118078478,0.11144278265200702,0.25650126423340264,Crisis
2023-05-01,-0.013218964143005564,1.741602724267723,-0.20515647226396316,0.11752528413107366,0.2549858903845893,Crisis
2023-05-02,0.0023109361121770537,1.7456274568962993,-0.2033196396521877,0.10245302371540022,0.2533687176293699,Crisis
2023-05-03,-0.003820132931999781,1.7389589279612068,-0.20636306453302977,0.08465452484080727,0.2526309536967264,Crisis
2023-05-04,-0.004610036659722417,1.730942263553554,-0.21002175990004224,0.026424848841333448,0.23113043034658912,Bull / Low Volatility
2023-05-05,0.03447107333104293,1.7906097012523101,-0.18279036205562837,0.08380856452655316,0.23696379805430692,Bull / Low Volatility
2023-05-08,0.000391724465523249,1.7913111268804938,-0.18247024104698428,0.10134398249654586,0.23446832364599884,Bull / Low Volatility
2023-05-09,-0.0030748915594663636,1.7858030394160707,-0.18498405640240145,0.08541468303172284,0.2337783424405593,Bull / Low Volatility
2023-05-10,0.019639341511270912,1.8208750351790286,-0.16897767994895752,0.12772276404013017,0.23297977542435871,Bull / Low Volatility
2023-05-11,0.00796782513164207,1.8353834490459076,-0.16235623942229938,0.1495435994177161,0.23171936878812283,Bull / Low Volatility
2023-05-12,-0.010204202438058682,1.8166548247803809,-0.17090372592621095,0.1388327688321187,0.23298863952024387,Bull / Low Volatility
2023-05-15,0.0017441597905762073,1.8198233610791192,-0.1694576495424548,0.11936120387312998,0.23041349194561983,Bull / Low Volatility
2023-05-16,0.008093463383870405,1.8345520348171254,-0.16273568544027284,0.13071842916515086,0.23060202817782766,Bull / Low Volatility
2023-05-17,0.009775524856525643,1.8524857438340698,-0.15455098732181238,0.12580455101130306,0.22982705898985567,Bull / Low Volatility
2023-05-18,0.017538686502248338,1.88497591054506,-0.1397229221348142,0.16622166687026518,0.22835146720235217,Bull / Low Volatility
2023-05-19,-0.00638346880219391,1.8729432256272087,-0.145214474022609,0.16852467921491399,0.22800532417727204,Bull / Low Volatility
2023-05-22,-0.007635559061823694,1.8586422570084897,-0.15174123939140138,0.19151383536997657,0.22109582972019398,Bull / Low Volatility
2023-05-23,-0.008948891344949753,1.8420094694013884,-0.1593322148724895,0.17313022099897601,0.22221795623831003,Bull / Low Volatility
2023-05-24,0.007346738138738401,1.855542230622157,-0.15315604879348454,0.17918412080130786,0.22241523764263765,Bull / Low Volatility
2023-05-25,-0.002440819550420172,1.851013186869024,-0.15522304206574444,0.20071192358310275,0.21771088716016435,Bull / Low Volatility
2023-05-26,0.026720169442086862,1.9004725728617016,-0.1326504586089705,0.22518525148456203,0.2227464386512954,Bull / Low Volatility
2023-05-30,0.011609609953200355,1.922536318159381,-0.12258086874033336,0.2397898072832758,0.22323121582137226,Bull / Low Volatility
2023-05-31,-0.003923443376796539,1.9149933557752479,-0.1260233730195487,0.2567247761820526,0.2197196817881153,Bull / Low Volatility
2023-06-01,0.016835310418076378,1.9472328633682778,-0.11130970520618955,0.2749340640749429,0.22125411367974096,Bull / Low Volatility
2023-06-02,0.007690959342785797,1.9622089521513797,-0.10447482428060195,0.24358252310653028,0.21334842508260082,Bull / Low Volatility
2023-06-05,-0.0011264159723144715,1.959998688646658,-0.10548355814214194,0.23427918107053136,0.21347124765945683,Bull / Low Volatility
2023-06-06,0.0030219853372812034,1.9659217759448389,-0.10278034257089053,0.2501255396827111,0.21180143587391875,Bull / Low Volatility
2023-06-07,-0.021967139746055166,1.9227360975628458,-0.12248969216854344,0.2145921626787337,0.21779519126126523,Bull / Low Volatility
2023-06-08,0.019248353538864005,1.9597456017306714,-0.10559906352940607,0.2581442875116091,0.21657006715478058,Bull / Low Volatility
2023-06-09,-0.0013678680850451462,1.9570649282672563,-0.10682248602563871,0.27541620027708746,0.21350791511347175,Bull / Low Volatility
2023-06-12,0.01956518036714234,1.9953552565790138,-0.08934730686485448,0.28065396535760634,0.21457610467438928,Bull / Low Volatility
2023-06-13,-0.0012727166372754738,1.9928157347466906,-0.09050630969818729,0.25525215827618,0.21266506363378526,Bull / Low Volatility
2023-06-14,0.0013167372756153963,1.9954397495080642,-0.08930874545422995,0.24808966054997406,0.21260652751849493,Bull / Low Volatility
2023-06-15,0.008888281525513185,2.013175779768891,-0.0812142652010045,0.22596035191830866,0.20748733397864674,Bull / Low Volatility
2023-06-16,-0.008621253994635023,1.9958196800356562,-0.08913535038735398,0.22474301155397858,0.20770810129287684,Bull / Low Volatility
2023-06-20,0.0012153407046034059,1.998245280931852,-0.08802833950229538,0.22099769791274415,0.20774003348127093,Bull / Low Volatility
2023-06-21,-0.006426004729856698,1.9854045473051702,-0.09388867370614895,0.19063203337998003,0.20615383390713593,Bull / Low Volatility
2023-06-22,0.026946490348716073,2.0389042317774257,-0.0694721535973094,0.23885465485924384,0.20911678463109154,Bull / Low Volatility
2023-06-23,-0.003572051763616082,2.031621160320461,-0.07279604723214605,0.22919503001584496,0.20958577074920823,Bull / Low Volatility
2023-06-26,-0.010752239109387416,2.009776683825004,-0.08276556583547512,0.21266694649872986,0.21147807422352238,Bull / Low Volatility
2023-06-27,0.014845776790781744,2.0396133798723874,-0.06914850816104978,0.2404191938773339,0.21154830310303108,Bull / Low Volatility
2023-06-28,0.0033459186712973587,2.0464377603623305,-0.06603395477430074,0.2516040981353811,0.21073348389434496,Bull / Low Volatility
2023-06-29,-0.0024616068333088046,2.0414002351874814,-0.06833301197330677,0.21906950379773282,0.20689559790370296,Bull / Low Volatility
2023-06-30,0.02156270419646165,2.0854183446054164,-0.04824375230087874,0.22953007390679803,0.20925815636819917,Bull / Low Volatility
2023-07-03,-0.0051062688573274145,2.0747696378578584,-0.05310367558827156,0.20581845730104886,0.2087022567640089,Bull / Low Volatility
2023-07-05,-0.003019692848323591,2.0685044708205003,-0.05596301164720152,0.20073222633814702,0.20902557033867641,Bull / Low Volatility
2023-07-06,-0.004752047352093142,2.058674839627145,-0.060449120117981314,0.19027210240020165,0.20958638396178575,Bull / Low Volatility
2023-07-07,0.0008729548584970262,2.0604719698304628,-0.05962893461258334,0.21283718981521083,0.2054138657814159,Bull / Low Volatility
2023-07-10,-0.014710318474996398,2.0301617709454534,-0.07346209246910396,0.18659269114814214,0.20832134223646942,Bull / Low Volatility
2023-07-11,0.003516680252087705,2.0373012007538804,-0.07020375490687947,0.2018165315632201,0.20689195446670083,Bull / Low Volatility
2023-07-12,0.01169570280493978,2.0611288701220447,-0.05932913435512144,0.23236996180335523,0.2048867594946903,Bull / Low Volatility
2023-07-13,0.013275705286249584,2.0884918095587657,-0.046841065171458696,0.2625514946793195,0.2037152589854246,Bull / Low Volatility
2023-07-14,0.0016275754035823269,2.0918909874585867,-0.04528972713342705,0.21705274595350987,0.1907037677232576,Bull / Low Volatility
2023-07-17,0.006750304512413346,2.106011888630705,-0.038845142070448535,0.2263085356732757,0.1906547515550287,Bull / Low Volatility
2023-07-18,-0.0030145058035560483,2.09966330357007,-0.04174254896779306,0.22143278676668587,0.19101982046181543,Bull / Low Volatility
2023-07-19,0.011919440686043855,2.1246901157776366,-0.030320656118255074,0.23252757199745333,0.19180162750863283,Bull / Low Volatility
2023-07-20,-0.022244228588857475,2.0774280231617928,-0.05189042510145392,0.19088754510112604,0.19770537773470878,Bull / Low Volatility
2023-07-21,-0.0035719962638978177,2.0700074580245422,-0.055277068960757236,0.19306286558703945,0.1974307550859357,Bull / Low Volatility
2023-07-24,-0.0011852275578691056,2.067554028140297,-0.05639678061317577,0.18428761397301807,0.19747760457970487,Bull / Low Volatility
2023-07-25,0.0037356046649161807,2.0752775926127844,-0.05287185202500433,0.19079664337015734,0.19727251315704752,Bull / Low Volatility
2023-07-26,-0.0002863321243413826,2.0746833739710935,-0.05314304523963753,0.2141572820305886,0.1920891493348623,Bull / Low Volatility
2023-07-27,-0.003671279810449713,2.0670666307871577,-0.0566192220610332,0.1984806386080331,0.19214651912651073,Bull / Low Volatility
2023-07-28,0.020403781211370473,2.1092426060710636,-0.03737068706895408,0.18092017478574873,0.18389321686075827,Bull / Low Volatility
2023-07-31,0.006355739343517458,2.1226484022874925,-0.03125246607153509,0.20267909551539032,0.18162526609314109,Bull / Low Volatility
2023-08-01,-0.00852604826482238,2.104550599560341,-0.03951205430223692,0.20839877558484043,0.18015877204784425,Bull / Low Volatility
2023-08-02,-0.019836290779998243,2.0628041219062423,-0.058564572483781,0.18169779797911634,0.18589308144208308,Bull / Low Volatility
2023-08-03,-0.0022759904254166853,2.0581091994752736,-0.06070727050295599,0.1835295051437733,0.18569779920468343,Bull / Low Volatility
2023-08-04,0.003980506094794195,2.066301515687537,-0.05696841006839726,0.19374375402071808,0.1851086905841357,Bull / Low Volatility
2023-08-07,-0.0017061396369577439,2.0627761167697165,-0.058577353642882746,0.1519965045018239,0.17381126856329693,Bull / Low Volatility
2023-08-08,-0.00403455506758062,2.054453732934519,-0.06237557515147807,0.1468994425955925,0.17423446728596823,Bull / Low Volatility
2023-08-09,-0.011541786003180208,2.030741667595554,-0.0731974356144347,0.13715881470309,0.17609659309655806,Bull / Low Volatility
2023-08-10,0.0015182820406016949,2.0338249061985656,-0.07179028792574449,0.11694919580167662,0.17245355227893888,Bull / Low Volatility
2023-08-11,-0.0002768523684790148,2.033261836956213,-0.07204726498297742,0.10781310467475858,0.17204579798628789,Bull / Low Volatility
2023-08-14,0.012079188548484483,2.0578219900532453,-0.06083834893262485,0.13275343338931722,0.17155894865107305,Bull / Low Volatility
2023-08-15,-0.015291713322411847,2.026354366112796,-0.07519973966415017,0.11348958885284821,0.17502578918051329,Bull / Low Volatility
2023-08-16,-0.010968503478511476,2.004128291199391,-0.08534341453657224,0.09243469422723183,0.17637235657979766,Bull / Low Volatility
2023-08-17,-0.01177914797575528,1.9805213674949558,-0.09611728980374501,0.06911557839894189,0.1775089855975085,Bull / Low Volatility
2023-08-18,-0.0008311540895124668,1.9788752490609955,-0.09686855561476426,0.04981460929587356,0.17437850701362453,Bull / Low Volatility
2023-08-21,0.009114620091823317,1.9969119451652988,-0.08863685560621315,0.06618925648244178,0.17452707191558697,Bull / Low Volatility
2023-08-22,0.0031510471622999458,2.003204308883475,-0.0857651073562462,0.07777830904784255,0.1736696074659846,Bull / Low Volatility
2023-08-23,0.016633023464121054,2.036523653156562,-0.0705586169351845,0.10559890542711892,0.17509508842277471,Bull / Low Volatility
2023-08-24,-0.026586499764505764,1.9823796175315047,-0.09526921004715916,0.06835596884627027,0.1835591262699834,Bull / Low Volatility
2023-08-25,0.011852166776759567,2.005875111373337,-0.0845461898365687,0.08366332860451475,0.18465609839777952,Bull / Low Volatility
2023-08-28,0.004733536483353085,2.0153699943940726,-0.0802128558273355,0.060457290030427435,0.17747056088939916,Bull / Low Volatility
2023-08-29,0.018237068520863126,2.0521244350767285,-0.06343863465444977,0.06740476925887773,0.1795645419627886,Bull / Low Volatility
2023-08-30,0.011662104059954635,2.076056523782569,-0.05251635855325665,0.08410638476712506,0.18049586732253964,Bull / Low Volatility
2023-08-31,0.009682404125989806,2.0961577420342294,-0.04334243903400492,0.07648026153808107,0.17855751092394567,Bull / Low Volatility
2023-09-01,0.0053605338858432805,2.107394266640477,-0.03821424376129834,0.07399075125506682,0.17827552457152437,Bull / Low Volatility
2023-09-05,-0.001688070560186872,2.1038368364202547,-0.03983780598161191,0.0733868591886222,0.1783087959597834,Bull / Low Volatility
2023-09-06,-0.027120569219881853,2.046779583870782,-0.06587795122680129,0.04112971783278696,0.1870257980863676,Bull / Low Volatility
2023-09-07,-0.010107176176073686,2.026092422023009,-0.07531928734370685,0.053754815645876475,0.1826338922622475,Bull / Low Volatility
2023-09-08,0.0031877919609203742,2.032551183158016,-0.07237159760148282,0.03715052676380459,0.17886016943131436,Bull / Low Volatility
2023-09-11,0.018442527275162247,2.070036563791571,-0.05526378548903299,0.05772503195606116,0.18231058776327067,Bull / Low Volatility
2023-09-12,-0.015383814126212023,2.038191506059739,-0.06979743181137088,0.021467981372984557,0.18120712255307703,Bull / Low Volatility
2023-09-13,0.00392566433832736,2.0461927617697593,-0.06614576876201228,0.026784727806183017,0.18131014843148194,Bull / Low Volatility
2023-09-14,0.0046195423385908,2.055645235865673,-0.061831789602736165,0.030171538064454717,0.1814920507153494,Bull / Low Volatility
2023-09-15,-0.015174021999324697,2.02445282983384,-0.07606757466637148,0.0056016221624941576,0.18336213630028012,Bull / Low Volatility
2023-09-18,0.008557449965415503,2.041776983632487,-0.06816106916515385,0.02302678145553183,0.18323924072896305,Bull / Low Volatility
2023-09-19,-0.0033857710528142444,2.034863994225002,-0.07131606244305977,0.018325434641373706,0.18338979437310712,Bull / Low Volatility
2023-09-20,-0.01876356513754953,1.9966826911233069,-0.0887414839976054,0.005680526839451527,0.1868707159214255,Bull / Low Volatility
2023-09-21,-0.02336417631068573,1.9500318446914073,-0.11003228863009928,-0.04358830871057795,0.1846334753474035,Bear / Low Volatility
2023-09-22,0.0022979347796716005,1.954512890688791,-0.10798720087335756,-0.03795405912168559,0.18462788512521427,Bear / Low Volatility
2023-09-25,0.011101190767377223,1.9762103111456253,-0.09808479662331049,-0.0167015434846699,0.1848914561537386,Bear / Low Volatility
2023-09-26,-0.03021846013219993,1.9164922786454286,-0.12533928523917415,-0.06036492133360227,0.1918232834335026,Bear / Low Volatility
2023-09-27,-0.00534433563919395,1.906249900658424,-0.13001376566927314,-0.06850335857714285,0.19182597207581178,Bear / Low Volatility
2023-09-28,0.0009132976685314895,1.9079908742483338,-0.12921920926980435,-0.06535188868874375,0.191844037191768,Bear / Low Volatility
2023-09-29,0.005454268658571336,1.9183975690745865,-0.12446973689443874,-0.08008981793167835,0.18678213173190422,Bear / Low Volatility
2023-10-02,0.016259154731152702,1.9495890919860375,-0.1102343548747986,-0.06033467214271915,0.18985447545371453,Bear / Low Volatility
2023-10-03,-0.0193315537199058,1.911900505722567,-0.12743490724166306,-0.07570878734229403,0.19335951830622206,Bear / Low Volatility
2023-10-04,0.01162923740627578,1.9341344506007938,-0.1172876406255472,-0.06049541512291834,0.19489745894187122,Bear / Low Volatility
2023-10-05,0.0010990337692735217,1.9362601296763196,-0.11631750993403944,-0.060283198205488664,0.19490641524743232,Bear / Low Volatility
2023-10-06,0.015193278773247446,1.965678269604016,-0.10289147551542988,-0.03176274042014282,0.1954768123796214,Bear / Low Volatility
2023-10-09,0.006051456943493692,1.977573487017286,-0.09746266190587027,-0.029317075803270587,0.19575074870734838,Bear / Low Volatility
2023-10-10,0.0016842183329338338,1.9809041525388442,-0.09594259197489496,-0.03892270820429178,0.19425531666885937,Bear / Low Volatility
2023-10-11,0.011946681911846523,2.0045693843470818,-0.08514210569117053,-0.040183267574994797,0.1938885278175717,Bear / Low Volatility
2023-10-12,0.0045575487105847705,2.01370530695999,-0.08097259627459519,-0.03737559986028949,0.1941123594659693,Bear / Low Volatility
2023-10-13,-0.013823873101930024,1.9858681003318923,-0.09367711448089133,-0.05704801048247132,0.19533329912578182,Bear / Low Volatility
2023-10-16,0.007949436528483065,2.0016546327494202,-0.08647235822814547,-0.046678279633694975,0.19607050818047755,Bear / Low Volatility
2023-10-17,-0.008530031359123886,1.984580455961932,-0.09426477765988595,-0.06594357397122108,0.19499078131380357,Bear / Low Volatility
2023-10-18,-0.01459701427625784,1.9556115067138735,-0.10748580763089399,-0.058638140570819064,0.19218522835602672,Bear / Low Volatility
2023-10-19,-0.0004729352753921972,1.9546866290473857,-0.10790790907625358,-0.0557103446802123,0.19210913034245738,Bear / Low Volatility
2023-10-20,-0.01884847364330324,1.9178437696388688,-0.12472248333942904,-0.0724093573680823,0.19545811174340422,Bear / Low Volatility
2023-10-23,0.004795656594673704,1.9270410897602912,-0.12052495294448617,-0.07142972264537528,0.19557655192938414,Bear / Low Volatility
2023-10-24,0.007800125190961344,1.9420722515085482,-0.11366493747512652,-0.06391872809426291,0.1963804361601896,Bear / Low Volatility
2023-10-25,-0.030386692423843197,1.8830590993370773,-0.14059772840453766,-0.08901867443915468,0.20495434441734342,Bear / Low Volatility
2023-10-26,-0.020864953633859228,1.8437691585395926,-0.15852911695421024,-0.12586197849756842,0.20372860363686598,Bear / Low Volatility
2023-10-27,0.03159809983187751,1.9020287604780632,-0.13194023598611138,-0.10393602707432692,0.2139606268322722,Bear / Low Volatility
2023-10-30,0.023089852655304992,1.945946324303654,-0.11189686393903187,-0.07536253834420625,0.219112738066512,Bear / Low Volatility
2023-10-31,0.002837169190615189,1.9514673032615595,-0.10937716508331086,-0.053973529266461595,0.21592217928704674,Bear / Low Volatility
2023-11-01,0.022971216975408187,1.9962948821051953,-0.08891847469918646,-0.030034517792272508,0.22105853637584677,Bear / Low Volatility
2023-11-02,0.015507885314571705,2.0272531941909495,-0.07478952689259621,-0.018897688067366136,0.22317655045740922,Bear / Low Volatility
2023-11-03,-0.0015782479365828,2.0240536860202867,-0.07624973841268279,-0.018771998780977572,0.2231732010741258,Bear / Low Volatility
2023-11-06,0.01204292856300312,2.048429219968712,-0.0651250800023313,-0.0029324159844685838,0.22436461444263064,Bear / Low Volatility
2023-11-07,0.0171726129943955,2.083606102209646,-0.04907083480304497,0.02603208249362643,0.22567967955581278,Bull / Low Volatility
2023-11-08,0.001747522902633391,2.087247251593324,-0.04740906430808134,0.026266934401254938,0.2256843171396632,Bull / Low Volatility
2023-11-09,-0.005735371456238437,2.0752761132844233,-0.052872527170120365,0.02066348542256935,0.22602559881036227,Bull / Low Volatility
2023-11-10,0.02235878491825108,2.121676765547334,-0.031695907714950344,0.031030271715793978,0.22909414973777836,Bull / Low Volatility
2023-11-13,-0.007858638164850884,2.105003275544126,-0.039305459209762916,0.03881300859642045,0.22747664205356363,Bull / Low Volatility
2023-11-14,0.017553924968691938,2.1419543451018788,-0.022441499322899072,0.06877107344260991,0.22867641325474097,Bull / Low Volatility
2023-11-15,-0.005292298612306141,2.1306184830936727,-0.02761503081948058,0.0757866681279813,0.22754995774096554,Bull / Low Volatility
2023-11-16,0.0044593980348790795,2.1401197589702576,-0.023278779198771082,0.08148290802352198,0.22759819293066083,Bull / Low Volatility
2023-11-17,0.00637591539252294,2.1537649814833184,-0.017051287332860876,0.07854779811286905,0.2272839156739726,Bull / Low Volatility
2023-11-20,0.008197267208217153,2.171419968540238,-0.00899379408315526,0.08397329164618372,0.22767450145927617,Bull / Low Volatility
2023-11-21,-0.008584240667041285,2.152779976941069,-0.017500829857276967,0.05708567322766478,0.22639133469386225,Bull / Low Volatility
2023-11-22,0.009792207222524824,2.1738604445797782,-0.00787999438728082,0.09659140224953933,0.21998641694273421,Bull / Low Volatility
2023-11-24,-0.004150954132783379,2.1648368495832555,-0.01199823902479602,0.07924807347606166,0.2192702479265072,Bull / Low Volatility
2023-11-27,0.002111169254703839,2.1694071865815454,-0.009912400083431971,0.07643122236410216,0.21916630760883246,Bull / Low Volatility
2023-11-28,3.800748513557679e-05,2.1694896402929427,-0.009874769343695133,0.0571920509351691,0.21644318655853492,Bull / Low Volatility
2023-11-29,-0.0051788398245910345,2.158254200944756,-0.015002469319550404,0.03959317880826352,0.21568272856628873,Bull / Low Volatility
2023-11-30,0.0012199468882495036,2.1608871564412495,-0.013800824647063448,0.03088003021385366,0.2149141702632434,Bull / Low Volatility
2023-12-01,0.00664157888665031,2.1752388589559035,-0.007250905026007448,0.032193592527695936,0.21504538551095992,Bull / Low Volatility
2023-12-04,-0.011636265533018308,2.149927201995353,-0.018802797102788538,0.021907766218944413,0.21639062171776924,Bull / Low Volatility
2023-12-05,0.018281443656782956,2.189230975004816,-0.0008650957218301336,0.0695978171057563,0.21189610722030272,Bull / Low Volatility
2023-12-06,-0.009807574225599578,2.1677599297204746,-0.01066418545692549,0.06992154264908268,0.21183221485435835,Bull / Low Volatility
2023-12-07,0.012581242343572645,2.195033042738974,0.0,0.07993986125776531,0.2130272075524752,Bull / Low Volatility
2023-12-08,0.005933310275054963,2.2080568548455424,0.0,0.06667529137802575,0.21039098350248295,Bull / Low Volatility
2023-12-11,-0.01192056007642318,2.181735580455198,-0.011920560076423281,0.07042717721504,0.20939901376287856,Bull / Low Volatility
2023-12-12,0.009098485349035956,2.20158606966944,-0.0029305337685949784,0.07594265349921381,0.20993093308149485,Bull / Low Volatility
2023-12-13,0.013730929678153732,2.231815893172474,0.0,0.08570090511391837,0.2113119272000313,Bull / Low Volatility
2023-12-14,-0.0033056892412027163,2.2244382033860686,-0.0033056892412026695,0.0987849015818476,0.20884867840271987,Bull / Low Volatility
2023-12-15,0.005125438593487299,2.2358394248025313,0.0,0.09504585599980175,0.20849525354856044,Bull / Low Volatility
2023-12-18,0.0057208950292655355,2.24863042745412,0.0,0.10505195130278655,0.20841854847173594,Bull / Low Volatility
2023-12-19,0.002450473073470469,2.2541406357687825,0.0,0.12894284394313704,0.2042409313683966,Bull / Low Volatility
2023-12-20,-0.010772501502863373,2.229857902382298,-0.010772501502863241,0.14349819899232097,0.1993776659044893,Bull / Low Volatility
2023-12-21,0.004104552003938094,2.2390104701040183,-0.006712165791556313,0.14555932619864387,0.19941369983510546,Bull / Low Volatility
2023-12-22,-0.004402177257001784,2.2291539491343375,-0.011084794904965278,0.12799429117545613,0.1990229215891194,Bull / Low Volatility
2023-12-26,-0.0017105464422965421,2.2253408777773145,-0.012776380290773548,0.16115306206721658,0.18813996825903773,Bull / Low Volatility
2023-12-27,0.00012062767317201087,2.2256093154694154,-0.01265729380262759,0.16753281650044083,0.1875370268602543,Bull / Low Volatility
2023-12-28,0.0014250050486669665,2.2287808199803196,-0.011250325461531707,0.16812970652093018,0.18752188601636507,Bull / Low Volatility
2023-12-29,-0.007038228049844284,2.213094152296179,-0.018209371155142873,0.15361601159854987,0.18839478380770278,Bull / Low Volatility
